mzmed,T016B1,T016BCG,T016PPD,T027B1,T027BCG,T027PPD,T080B1,T080BCG,T080PPD,T095B1,T095BCG,T095PPD,T101B1,T101BCG,T101PPD,T104B1,T104BCG,T104PPD,T011B1,T011BCG,T011PPD,T013B1,T013BCG,T013PPD,T014B1,T014BCG,T014PPD,T032B1,T032BCG,T032PPD,T033B1,T033BCG,T033PPD,T047B1,T047BCG,T047PPD,T051B1,T051BCG,T051PPD,T107B1,T107BCG,T107PPD,T108B1,T108BCG,T108PPD,T166B1,T166BCG,T166PPD,T173B1,T173BCG,T173PPD,T176B1,T176BCG,T176PPD,T035B1,T035BCG,T090B1,T090BCG,T090PPD,T142B1,T142BCG,T142PPD,T163B1,T163BCG,T163PPD,T164B1,T164BCG,T164PPD,T165B1,T165BCG,T165PPD
314.217071,15553655,476062,585972,15019291,5321717,1537723,1172433,231934,96745,532673,1228474,442741,4414245,59189,4533873,399693,633532,264759,24449988,101587,964199,920504,29379014,119268,13812011,1599470,1018975,1711937,28170841,3714395,419908,4052666,132691,561161,8181898,0,21827607,123166,25710,20512773,89680734,3612307,16365177,1583796,1299540,98977664,1882357,19807927,16460481,733082,56891682,1420534,87529031,33293916,304894,457490,12016308,1804331,689074,89175863,1424938,3703643,1471892,2503678,6755893,21903027,163739770,63491998,39799513,53935935,40912303
391.193232,22037336,444057,15584722,66873854,702255,485704,4678534,11084772,4641464,2157794,5350789,325994,469265,911232,5038765,4192414,19281555,4905126,102337786,1522815,172681,52705793,9885282,650466,92240661,1139309,1027779,11133385,4206977,22273438,747591,2790162,167297,1557883,4760168,9819074,2148867,4662691,13535932,2909738,34579182,33303560,733829,2768803,7514079,686118,135314482,74450870,72868299,78554017,103991583,160990839,102619700,143922884,2855159,1140143,3579080,4514439,2917362,49523858,11947538,3145218,96637532,230975708,2568163,1682936,137663894,92298785,88353023,19194432,92780849
396.992125,12602974,5678,0,404925576,45647564,8068028,0,123835,8326436,4616,3355357,1489668,29679,137310,3066685,457364,3571,3999,25381,0,2036,0,12700148,1595921,5635,0,0,6081,87720729,65963,6272206,10172366,137353,7811804,47327184,5859,88885928,9000,0,64221762,4818,0,4602,2051,0,33121051,0,2802788,0,0,15222,74490253,0,0,1835574,17827988,214642,392804,32823790,0,108469,305560,25101825,4425,19294056,37120438,0,0,2166,0,0
397.242847,11447720,0,6790,363328434,41177560,7641508,236293,187805,7571623,57025,3227833,1294339,30102,133964,3144983,577478,6700,3113,42461,2115,23936,13243,11706676,1252392,39398,32275,14493,14151,78222639,25284,5214649,9313751,126983,7030637,42751149,0,80197687,0,9358,56277612,98563,132205,21148,7590,17773,29532811,105556,2058447,14377,2602650,127645,70466076,108227,203302,1602979,16688878,929398,496208,29709912,286336,778754,1540111,36882031,133328,16434779,33687870,77580,211515,124275,181410,198803
399.238672,4914492,157185,3095,29894002,507998,2110499,1995346,1359018,989219,18551869,113652,8425498,28645498,3882715,97091326,26023232,4251,2457,33724958,46219,158605,2350,973683,10223958,12714020,14000,873872,9768,6657034,5229,436604767,2293625,33807,2167658,2259352,4220,55333433,2217,2585,2756132,507469,490031,177060,2578,6297,2780958,591604,999613,56223,1713742,718142,22680119,579691,723653,7674319,37748334,71945524,273653440,38160555,743805,800598,709570,15481847,679724,2951787,9907875,601653,719830,505117,814034,694242
399.572869,3209975,69262,0,18875687,206908,849963,0,592165,650306,11706599,37180,5461000,19807450,2711216,57234589,12464716,0,0,20506399,19582,66851,0,469559,6386934,8112645,2568,136079,0,4058674,0,277536787,1445618,0,1380427,1295127,0,34949751,0,0,1418324,0,0,100491,2038,0,1444728,0,45038,0,22997,0,2567869,0,0,4836867,23176587,46320183,151638519,23558639,0,224697,34146,3114672,0,1569268,4627019,0,0,2557,0,8478
403.890982,5371042,6266,4372,11300689,37977586,24445675,0,7749,1081394,19374412,30077,3211085,1523164,350328,93227,11325,3101,31498,287269,0,5825,49685,2552246,1169249,42096,5084,0,142521,4713743,110395,22037578,41450404,2560,117603187,336485003,3942,1380661,4185,0,1517654,52900937,5056,2321973,7018,10240,826711,107262,64078229,2493676,0,31034637,3391963,16167325,49950442,10179566,113483995,135052,481817,39974011,25180270,1149894,2124652,109822,31243,3948146,2696547,62692894,8064652,26947184,23443575,22303259
441.910347,204889827,11238253,1204769,341273971,1099978919,271525936,788194,111103018,16366914,178252117,222601977,40193319,40399230,17643074,431720694,11581343,264460,113738437,221927988,35709754,21948750,540777,224150184,96994055,95000876,622010,236923008,540634,18753662,3595694,96717788,51754888,149573403,56624416,168323526,269018,100451915,191629880,143479,23031067,76349343,501148641,285215791,161766,96777,20183842,18942009,78290797,566545,351118,29526758,649372,23579223,31246375,76813235,150377314,40468556,22029064,81685027,38924072,2751948,1468045,639420,37751543,52556761,32938399,69913029,83510085,16207456,57759506,61430412
441.910354,25306566,2383667,101059005,34802535,91968910,171907527,115789113,19708445,13347362,240417102,11138917,37663169,98521367,38744310,38672360,1684238,114918746,66116930,16550045,7813638,2798995,47571431,32942260,52277825,7549433,180048792,23996545,129860474,23789607,47000060,84949320,117303402,32944809,68264215,52318236,57204624,18448462,99041646,57239901,140048654,4655818,5554145,49779006,91694057,43650569,58514124,1233831,540563836,255102,1985378,6641144,424052,2918014,1237412,273520686,98478227,59986357,51617754,5427083,7299324,2104294,735308,94629,2043064,242208152,78214516,3120298,3227934,2423700,1652852,2864585
441.910474,53760951,5463884,124436856,79828119,155976546,194295393,78590048,35655302,8530556,142338371,40818724,146568365,40905106,41925642,112589964,8529236,70695311,276835558,49299497,18523928,6513432,26683063,79551867,108383866,23972715,367719149,61129813,142761421,61344651,148815620,144727772,256636067,83728679,99808389,104939222,39373682,87691455,81439236,34211003,108604111,5457794,11321857,126776785,745788447,72445821,3321265,0,796509927,0,2692374,552063,793123,1003314,3488274,90481684,121852490,79232390,54425487,79240435,8186542,1970368,2142299,762593,496004,148580240,105544951,1216195,18305112,450084,2648540,12731650
442.24441,149504802,7043268,1609376,215421981,154550122,92762864,4537778,58891313,40451181,88473938,171885938,10621710,19370760,26877728,359066068,8094412,1314822,255676755,84039728,23383558,14432728,1736770,177241857,44089043,57464637,435177,702089161,5314793,32375110,4299013,235739022,64154455,8302922,7591435,83784214,837550,49592972,28732325,842233,11227358,143298832,445068589,234879193,869219,1286384,14288687,47075685,16794558,1665215,2934770,30597340,30983164,39975484,31022526,27392106,43894294,369403042,132479984,21568990,88621281,2356960,1148042,22848601,112928239,43488467,12793161,114826285,102883438,17153384,50355400,71122552
442.244481,15906055,1350889,13011979,18727959,79021729,58507572,150897880,12030684,3733306,53471423,7204250,22525560,10644092,17677945,23129124,830678,93910303,37215754,10887079,4858833,2027517,32990920,20111885,38687317,4707713,69749323,86406291,208750954,12606242,259063951,99930425,73471380,22416567,4759856,31169316,44567693,11439622,36398238,45144336,175177660,4112630,7008161,31049305,86142469,42466212,63474630,2839833,319402123,5023070,1253930,7434632,720975,40625588,5378371,32335963,57901719,41094483,36694843,17547109,35912056,31489173,553574,877170,1860084,112605193,105205712,1950124,2266620,2394052,1708862,2304887
442.244526,76063240,6671762,2093487,156335244,250748939,469960789,986145,74267512,5103037,131680377,75298418,21918933,38143517,18895560,346009771,6476495,711427,45131203,86183070,25025319,14884653,517573,147705963,45679628,53505968,807068,146366608,1610284,115190248,9554122,71372680,234053059,101498620,5083759,117251358,1029870,46097386,15166700,883230,13932676,29808831,112219567,160829740,784604,541439,10686050,12816151,68410080,2685916,0,14401202,864985,11494127,14874282,12906596,152312070,46848214,28193975,60113878,23442872,1118804,1118645,357075,17383807,43002908,10104397,26650252,45853362,10739325,29284398,34131956
442.244673,53229309,8111247,193752138,124504332,337433627,145410563,339279135,73097160,11683804,178447568,39335430,151197380,136831670,94171749,164963343,4811307,208369577,90764200,75383656,45681811,21709147,43701945,216856365,125051451,75431695,828015,71004070,1823904,18377819,20931999,91370845,255261898,54899481,117299391,132049882,8559120,68223059,48405834,5224327,6312366,13983023,30510062,17569798,1249076,1165719,2805676,23064909,267914992,52061328,5982716,13886120,2913207,14151034,16541014,99104014,136597083,79193803,6389941,108940109,9309216,1900043,2277869,1987935,7174234,7933353,12295036,6171418,40074567,10161585,23189971,32030168
442.244675,38739965,3802862,70595333,45668390,347655381,123892956,58315240,46945461,5584749,97574283,36456411,31853143,21798749,51563668,76256673,2705634,33865984,23792918,32258902,11387982,5094779,13362162,50921646,46216866,27185000,233548915,32440469,172534609,38088100,90333344,95186861,492393454,54185071,52997641,68739558,19866583,19235590,50963502,21597355,5694264,3864427,7541816,79393175,378510136,28433266,20283794,1605251,355354229,4018032,18160450,58384161,3068091,3958215,4197611,55317816,294329792,66461875,6351313,48987146,4769564,1492971,935570,3126123,1734715,72242720,49455243,9648291,14996206,64070393,5112571,13254807
442.244713,64052773,4159439,68042869,75770890,179159249,19333144,414983285,41781845,7279070,392047578,42739374,74890079,53593118,3293926,202176012,3219670,168093363,65651877,43923367,14567747,7782596,23470757,100766963,53462768,17322647,28128397,144636583,90045528,62925867,807476472,98041481,48427380,74654098,80613524,94221989,157482954,41109502,47026414,32796872,13316396,14251155,14099483,102230171,4340904,527726,7687397,248212210,30667354,5014697,2715762,4546939,1115373,5243903,10442664,62007936,132479302,80639990,50251192,112422419,5800056,2034187,1052313,2034214,7707530,21459488,25088149,4932425,27819071,5361549,11305246,21169300
467.905668,25711876,27252,3802,135818494,26003854,18969398,3566,29328,7257245,349351,40377,2931429,3340277,49724,932206,5228,5082,6497,2252679,8501,142912,2953,112862057,4145008,9354643,2041,478877,0,27786057,4509,407201,11015015,2533546,2508466,13996900,4868,7730323,15988,0,1331665,6903757,0,2885072,0,3154,532870,1509950,14810435,52497,26954429,174051,7736686,1974097,560582,418253,7956800,66593,669964,2246348,883098,3144395,1119551,805048,1099064,733898,842074,5832977,1049826,136005,1079334,1834580
471.211562,5732207,58933,1547423,9371758,7602029,9309205,3319877,346019,409381,608984,288236,474896,239266,43056,899035,86752,90055,36304,465844,148422,312586,2681800,7847325,3788335,847258,55230,2238825,379114,3361493,1083828,3425296,10276260,1762419,1098700,4513912,132509,2019252,27238,40955,2696551,18743019,28550,204014,40797,0,2003002,28913983,8126981,282017,1260368,436304,115207674,28634200,359741,49967,5500478,1567686,1482976,3712320,9918218,960671,83877,53293720,1641607,5559935,2491980,10978498,290941,111629,275560,394133
492.018784,11464952,5164724,5808892,694758,145208523,112991257,3395926,61336431,4955557,2006672,963779,10419960,975799,2270590,1281389,443656,142725,16765835,8036080,15230990,18315931,289073,5951486,24311500,5030649,2450565,25455939,166521,12594447,879874,28211010,3589058,106413057,36288943,33698947,204690125,27260732,1324576,86760363,212199,2764977,78029302,3260851,755568,449214,3557822,829509,8431262,1859443,2718650,453646,227900,4766367,248012,3255599,2966964,43586800,25341935,3702202,6658626,7787289,1211774,561959,273212,1208498,254947,0,496857,1113277,232118,1462878
557.93093,1785591,35352,0,23806661,3134216,3053396,0,17704,501477,6523057,49322,383108,248221,14961,155022,8802,21964,57495,326165,11272,39196,25575,4184025,733906,201776,3583,88989,5435,3114932,3566,928982,5473801,318759,1542180,5784038,0,772541,66463,0,153958,6115298,2948,756236,3198,0,5382858,3932,6441845,3350803,17510423,12429352,15461116,39165595,23834871,432618,5596807,897885,469005,4436539,9742125,5402903,707435,1237244,29647,3249771,6899580,25580203,39762694,20874590,19933647,35627599
564.851451,412168185,3281708,4121,969608813,50284199,34091578,8542,51977703,3449788,7768700,5036056,6732560,35849879,536892,105384372,1013328,7159,32451,147823427,8579846,3872814,5725,934576723,7236750,141306175,5001,174827178,3939,311649684,8339,7347406,11352580,120901547,5175186,13160427,0,198112437,16923,4040,9102954,467872698,0,8974232,4309,4611,2719853,529152593,63544107,5397830,10235393,1720774,844172,736581695,5963631,11581120,14161342,2320372,1501502,17000469,241809832,12968312,673117,1951094,444292634,13985058,10082552,254508640,11041305,1743749,18598793,17212529
580.789716,2647835,85437,9201,39891026,62069621,23204030,0,59056,24843021,40766,67350,3118747,751467,55928,57077,0,2841,5759,3199,19644,93026,2603,57675182,7321577,2922753,0,3304,2807,6437987,3342,1866242,21484238,724603,1569135,13843075,0,5089400,10790,0,44601,2892,0,4946,0,6677,158156,2244,179433,3824,712415,0,1035281,2941,11887,402640,10410202,4262030,5868740,15942391,3703,30930,101421,15819109,0,381469,48638,0,0,3893,0,2462
581.040415,3617398,89182,2471,44712789,73100152,26879176,0,40757,29657587,36925,90248,3667914,893817,71664,44989,2492,0,2022,5928,0,86588,0,66080084,8421379,3535956,2721,0,0,7000892,0,2225295,25480098,872417,1781274,16260473,2218,6165182,0,0,63224,0,0,0,0,4041,109364,2363,223708,0,559024,0,4611498,0,3295,525528,11829615,4077373,6789851,18726807,0,21079,23569,717650,2230,380396,54584,2418,0,0,0,0
581.291047,2950494,49094,0,28773349,47394905,17713710,47163,29137,15034895,71214,50525,2378424,514193,37646,53066,32124,0,0,117407,0,68473,0,42328971,5363002,2081285,0,2107,0,5148259,0,1326121,16350934,586335,1185094,10053105,0,3482331,0,0,69232,38083,11125,0,0,0,149084,10741,253102,9033,144381,25652,4733409,23613,21855,273415,7764624,3717732,5836535,12642769,117453,64909,88990,11608403,29655,302569,129447,19345,19374,51585,16897,19907
605.834194,1401584,12281,3008,21519565,17209397,10355777,0,62976,444638,7940584,0,922816,979011,156235,59703,9073,12478,276105,4486211,45388,856059,14822,9185441,559656,1982849,0,1462574,3644,2091647,35722,10804098,24344367,86120,44387073,184030490,5091,812695,11944,2296,705705,10385768,476686,950359,3886,0,115231,296261,298395,901767,0,5610210,6776898,3284736,10514961,4272781,53923883,2992527,1247780,47574976,5553065,1602649,750668,314661,1624910,321407,0,13645122,1340302,6638014,7749505,4019490
614.520949,38479420,14340003,15323648,11965780,555317561,95077937,5868258,99934735,14364291,5775837,10250141,16598260,1950463,6362589,25079783,2891540,374168,12729908,27494209,47077817,57822303,65862,68367795,78198121,23964239,778022,97988395,308952,50308059,752851,68360478,3659461,356237244,61930322,103602389,1521622,69883584,68114,2063459,0,4735055,832939,2428405,396145,90911,0,1767325,5282748,1313565,349041,0,110676,14287270,492233,14230282,8327559,71891331,30998200,11648453,17826292,123718,76716,457655,7894965,58749,0,994803,985230,3246451,1548278,837999
615.021654,16112439,6173827,8249386,6577978,266615037,40620429,1190710,46597989,5200242,2043460,7448424,3917599,857415,2802425,129726882,4374709,1236576,5539853,12212541,19926287,23755019,438238,24466712,38268321,8185611,90845,40856811,313278,21778383,5775081,25617090,1457153,162356720,25990466,36862869,384412168,26650636,16451,392420476,6617887,4868647,1028610,4428348,114998,228328,3172558,831259,136343,882146,9375406,3675028,1456831,19022498,2698103,5297424,2833468,29934837,29148849,4327061,22725311,714002,0,2510847,1059866,937071,2466582,219141,18092564,2765695,4959004,9063387
645.298217,17264364,25067,0,109673638,33194586,11384335,3225,61645,228360,6242994,148930,1663314,1634192,193949,1786298,143346,8212,0,1597582,0,5212,2590,15199384,1762624,1103153,0,33620,0,46607508,3712,7108775,10876312,250176,10931665,43551815,3162,19337794,0,2849,943675,7523,8799,1106453,0,0,2069354,11055,390585,5782,2419952,6402,11337340,4889,0,2113541,25280461,1794857,2021589,13218367,21804,875920,2060574,7963115,6549,2400856,110973,2798,7245,0,0,2749
645.632656,8635709,4910,0,55418033,5425646,1051370,0,2747,333922,3512219,22122,615320,745102,71023,799099,11814,41584,0,719109,0,0,0,7157122,525740,554822,0,0,0,24185285,0,2503201,4734200,6075,6036029,19445366,0,10209822,0,0,373086,4282,0,581119,0,2056,1035433,6731,37909,2700,153271,0,10792459,0,0,887235,13661756,465635,479052,6506437,8713,137951,38893,1587143,20272,872320,68944,0,0,0,0,0
692.264553,96446804,307660,6280,3009984,7542481,52771250,13472,7276056,9007522,42126635,725119,137577527,2331623,17892098,1247232,1258590,10439,6573,2319433,127118,4930002,5865,24294021,856019274,1654436,0,665318,2605,14918557,0,896402179,284506759,8121553,41173766,6968855,2469,111650996,0,0,293952,1591720,191344,9016390,2384,4410,4044565,903060,33591479,284024,4720816,58763,640789,7005265,17348,5030825,716901363,36748165,7717460,410160809,3417323,618847,67308,781537,544017,4962946,1872864,3926029,14941,37169,5581,6438
693.265063,18331199,21367,3230,0,1272376,9959215,0,831035,1552861,8185804,49765,27131393,242554,2986204,70444,152711,8034,0,176279,5298,3259445,9583,4839010,172798965,171428,3214,22761,0,2546544,2958,181403632,55290651,1664475,7788996,1390096,0,12075325,0,0,31083,429695,37264,1742898,0,0,660017,183518,6937041,75565,0,7239,7412146,1307885,24473,703118,144492924,6889417,1508097,82447000,563542,1754597,0,59917255,88446,810219,51807,613267,0,3836,0,14785
820.354278,9185915,175253,0,38881888,419859773,133858829,0,236110,20545964,3338685,73316,4810440,274525,24175,1060160,3681,10015,0,1311112,7547,189320,0,10852907,8986667,245433,2162,0,0,30063046,2076,20557683,33670598,1088011,2348831,17072239,0,39605222,0,0,18829,5557,0,839821,0,0,46793,4040,673790,0,16853770,0,65482422,0,0,367116,10209470,8377002,3350018,3473637,30268,24227266,36979993,20060881,2083,42535,33831,2740,0,0,0,0
820.604961,831016,0,48839,2011517,85350486,33373127,1684667,10514,9508458,3155757,5535,1870296,349123,850215,66806,0,509480,0,666822,0,14564,907208,33332849,13559751,10364,341841,4132,1042782,1583478,515250,6552365,41453025,448068,1546648,6762485,1124289,371403,0,720417,840618,6416260,8920,762689,368368,759705,0,6074,417121,0,0,0,0,1286797,0,0,186679,17285,49192,54354,1032126,0,0,0,6258,0,0,2174350,0,0,18018,13982
820.604986,17545468,543155,0,61643467,680733629,212468979,0,706684,32843903,5203166,137831,7848565,512986,68436,1962080,34052,2082,0,2103936,10561,355481,0,17305147,14511350,388696,0,1799332,0,48301707,0,31728463,48640856,1741450,3821714,26806089,0,62204730,0,0,53235,5059,0,2119857,0,0,129686,0,1030952,2289,0,0,6569298,0,0,493716,16254104,2631966,1191137,5947580,2927,26845,0,0,2133,74054,60695,0,0,0,0,0
820.85553,550040,0,26989,1540274,79900459,30204065,1537090,11399,8850455,2595143,7752,1554488,234516,277589,92535,5240,305548,2073,426822,2832,13748,897855,24171328,11574811,16306,309957,0,367688,1290863,621366,5251202,35140276,313710,1496503,6158425,1016187,719629,6131,513562,585662,5069992,6677,719347,922790,939503,0,2317,485214,0,0,0,376402,1106122,85005,17267,144142,39413,0,97468,534265,0,0,0,3975,0,0,1442601,34873,27517,102134,138407
820.855642,15617922,564041,2157,55598644,603480374,186541510,3019,660830,28885580,4556790,584389,6709358,548837,74376,1500182,41748,7934,0,1803347,19345,2053579,0,15252936,12460892,330611,0,4861,0,40898274,2465,27444375,43845733,1607523,3307840,23248055,0,54271507,0,2546,251588,2919,0,2019634,0,3022,244445,0,1588203,0,0,0,4481840,0,0,405778,14581623,2040425,1030144,5162865,32077,0,23719,262942,0,291841,206605,0,0,0,0,0
821.106307,9027715,142431,0,35715600,375130592,118726104,0,290968,17656181,2883618,25208,4260673,242107,32132,987432,11785,5112,0,1163824,6915,139707,0,9638564,7832279,213238,0,775054,0,26484159,0,17672337,29911638,963808,2305333,15703387,0,34846273,0,0,180594,0,0,1226548,0,0,92912,0,1160509,0,0,0,197254,0,0,312495,9600401,2873455,1428155,3228059,3680,0,30429,268886,0,365077,230479,0,0,0,0,0
860.867333,5553978,75389,0,17677391,215442249,62368027,0,512054,13973115,1658767,18090,2231786,138158,13899,630989,7285,0,0,984605,8385,120150,0,6224185,5242515,111668,0,241597,2520,13628034,2878,9305441,15311690,496447,1373982,10064812,0,22414747,0,0,14507,0,0,928918,0,3325,15332,2025,265304,0,0,0,0,0,3097,189748,5978564,2504225,970554,1259020,2050,35431,0,0,0,19800,0,0,0,2250,5008,0
861.118034,11233583,370498,0,31182794,365018899,104681128,0,890036,22238055,2809322,35067,4021688,318883,23059,1145350,5264,13459,0,1709821,18024,209229,0,10806246,8403116,211180,0,634631,0,20566999,0,15408073,25870251,804443,2500483,16583009,0,36618729,0,0,15961,0,0,1647648,0,0,60310,2899,455274,0,0,0,0,0,0,335594,9936999,1342765,663616,1884869,8159,0,20248,0,2283,39218,48992,2454,0,0,0,0
861.368713,9368184,285922,2178,29561832,334781144,95509684,0,778152,20380561,2472311,33058,3593599,245215,41441,999809,6628,9492,0,1485246,18824,190925,0,9753559,8109124,209744,2174,562566,0,19967694,0,13852860,21742093,770647,2243312,15499800,0,34263700,0,4198,3447,0,0,1543688,0,2807,17789,2219,540526,0,0,0,0,3466,2520,322494,9509418,1337004,749888,1887695,4574,0,28886,0,0,48629,39880,5161,0,2294,6381,0
861.619347,4431621,82174,0,24377148,218169644,64970695,0,496358,13611582,1656739,19321,2270472,157231,10382,601710,3502,9992,0,1019641,8615,99939,0,6303613,5319194,158374,0,316034,0,13171469,0,9178675,15014908,472474,1379140,10708549,0,22435544,0,0,0,0,0,939202,0,0,17223,2318,269404,8441,0,0,0,0,0,227131,5406577,2656622,1225982,1111615,6599,0,0,246953,2058,11581,35017,2113,0,0,0,0
888.114931,1023537,9251,0,20570124,61711218,25606591,2113,99670,1408093,384323,7847,4112438,43281,120365,31393,0,3852,0,444710,21599,33321,0,16061189,3025689,47213,3070,17142,0,17843169,0,923889,18565552,1121917,740716,5855093,0,1310753,0,0,45839,0,0,196036,0,2278,8735,0,641964,0,0,0,0,0,0,75088,2275143,893134,850776,829889,9941,0,0,0,0,95226,178701,3275,0,0,0,0
982.32971,5582581,16035,0,8772739,5231493,629291,0,15597,574505,957724,10384,1294843,104403,372499,925604,11730,0,0,281322,108959,6180,0,10010326,874244,378543,0,86736,0,3664510,4612,1241045,6553512,108484,677642,1689356,2936,3905917,0,0,618723,4340,0,664654,2027,0,1232812,2291,2806406,0,0,0,122185,0,0,138436,9755688,1450472,2675217,2488972,7259,0,0,66223,4547,2806933,2485152,0,0,2395,0,0
993.744855,269355,0,2645,20763524,81923369,30106204,2582,5379,866803,103180,3048,2027709,27612,8478,0,6134,0,0,291255,0,19127,4094,15129094,3120306,9173,0,3323,0,12144188,3468,669269,32904766,535676,2263504,16718753,5729,1127290,0,0,0,0,0,86394,0,0,0,0,42533,6608,60798,0,0,0,0,92475,3145077,887534,689954,1783373,5570,193183,41287,0,0,10609,10285,2480,0,0,2350,0
994.079198,417956,0,0,26625034,113833683,41370900,0,0,1383088,150756,0,2989783,64384,5980,5066,0,4286,0,536316,0,15930,0,21986627,4527312,15750,0,6371,0,18571997,3086,815621,45628015,805070,3274875,22793416,0,1671016,0,0,0,0,4489,157764,0,0,0,0,25706,0,2952633,0,0,0,0,112562,4766816,1053054,1069500,2353794,0,0,0,0,0,0,0,5601,0,0,0,0
994.413554,803696,372382,0,20133738,91219350,33976678,0,5529,1078043,119166,49561,2254192,57148,3612,42131,15301,2013,0,366278,0,412321,0,16833092,3358007,112087,0,69429,0,13620198,0,670306,36777913,486191,2504437,16547823,0,1170301,0,0,11703,2022,0,114480,0,0,0,0,461287,2491,1912635,0,340585,0,0,81456,3540529,936042,758453,1894884,4696,136400,27237,329656,0,49208,40549,2389,0,0,0,0
1063.35588,5679458,36242,0,7201859,4892950,465291,0,17098,366451,1235290,22433,1288256,129430,364369,1146710,13531,0,0,389428,274396,0,0,9908079,879532,564950,0,2740,0,3264765,0,1317897,5565811,130439,809086,1319270,0,3618021,0,0,965959,0,0,684258,0,0,1777812,3181,3706986,0,332849,0,160262,0,0,216879,8843179,1264330,3334773,2537908,2275,763083,111466,0,0,2831167,2575410,0,0,0,0,0
1063.857703,5274459,33696,0,6259594,4259957,455302,0,0,537086,1104671,20794,1284816,109714,408779,983938,10677,4336,0,300316,318810,0,0,8875823,893099,515144,3445,0,0,2890388,0,1278414,4977876,133822,753060,1092622,0,3338609,0,0,791781,0,0,210219,0,0,1508368,0,3284942,0,519709,0,49116,0,0,450114,7823194,1077842,2731624,2249250,0,1049803,89630,105885,0,2563507,2201210,2455,0,0,0,0
1115.455773,7174605,106408,0,90246726,450114364,152557489,0,1162135,5257632,783467,86474,9087778,237176,215776,150349,2718,6604,0,2580846,84038,298965,0,93301319,20322481,290161,0,5567,0,25645120,0,2842822,82712405,3314119,5645099,43966294,0,4433960,0,0,79839,0,0,539149,0,0,110949,3080,3896871,4675,92472,0,0,0,0,615641,15835007,9754486,6488196,6299409,2716,33268,0,257869,2464,22490,46362,0,0,2456,5470,0
1115.790025,11333532,382074,0,129952179,703809315,239096477,0,1792334,8234970,1275456,144997,14354140,515209,337238,248507,3721,0,0,3602620,128765,470845,2387,144778136,31564619,578504,0,234906,2877,39364117,0,4354240,131627401,5525019,8901028,67679514,4210,6680873,2753,0,3812,4382,0,961163,0,0,156674,0,6321473,0,0,0,0,0,3220,1031691,24851477,14928264,9215802,9339017,6052,0,0,0,0,95776,77781,0,0,0,0,0
1116.124347,10207231,289691,2208,116954750,625165245,208539925,0,1557675,7125019,1022686,144647,12582424,382007,292047,269863,3126,2048,0,3204161,127249,436047,3556,132326377,27869048,416970,0,218612,0,34201153,0,3733829,115050406,4776336,7826924,58181334,0,5546772,0,0,26117,3946,0,870973,0,2134,165972,2235,5458686,2841,0,0,0,0,0,588744,21497068,13837206,7998487,8141986,3675,29177,32796,0,0,139889,275619,5345,0,0,0,3144
1116.458502,0,0,0,0,0,0,0,0,0,0,30871,0,0,0,0,20645,2106,0,0,0,0,0,0,0,287388,0,2527,0,0,0,0,0,0,0,0,2706,0,0,0,0,0,0,0,0,0,44485,0,3803657,0,43652,0,0,0,0,0,0,0,0,0,0,0,0,0,0,59312,153426,0,0,0,2063,0
1116.792887,2081244,100641,0,38014744,201242862,67796369,0,468090,2333948,341994,0,4031027,137895,71020,106768,0,2468,0,1170699,40980,182186,2998,43390438,9142215,122399,0,103861,0,11998521,0,1114012,37308058,1546771,2559251,19515936,0,1917874,0,0,20021,0,0,248419,0,2003,47674,6663,1392483,0,0,0,0,0,0,280815,7169161,4540381,2768813,2566822,0,0,0,0,0,119552,0,0,0,0,2005,0
1144.382508,6106654,68980,0,6960072,5692384,424949,0,27805,351017,1683517,64505,1250405,146560,511765,930499,11342,0,0,462233,447267,2357,0,9571796,972779,652702,0,204260,0,3313790,0,1384168,5958799,178606,818815,1247826,0,3409843,0,0,436477,0,0,893540,0,0,1773052,2700,3416139,0,0,0,0,0,0,440317,9437399,441084,1193239,2786778,5195,0,0,0,0,2648147,2530487,0,0,2171,0,0
1144.884131,5973776,61886,0,7084339,5536377,492770,0,52189,364964,1668732,34560,1302680,120204,394159,1298843,8040,0,0,383614,440959,2351,0,9217272,928064,546453,0,160877,2519,3189292,2281,1182105,5943450,155235,740501,1226876,0,3213876,0,0,792930,0,0,844407,0,0,1601986,0,3284978,0,42604,0,0,0,0,437012,8750622,1058266,3035187,2393505,0,0,22779,0,0,2602826,2412050,0,0,0,0,0
1183.149121,2228374,10032,0,38091116,149095594,53673464,3967,105703,1960350,881444,16780,5901597,109238,307646,52202,14492,0,0,2184263,20312,37884,3339,25524077,5632824,63302,4611,6891,0,31281834,0,2355731,33714159,1947035,1838004,11919221,0,1767957,0,5367,15431,0,0,303346,2762,0,61413,5371,698684,0,0,0,0,0,0,189735,3609098,1182759,1498816,3073486,12909,0,0,0,0,81511,288399,0,0,0,0,0
1183.483492,5302067,38744,0,68316740,245620857,92305983,0,375438,3538317,1476201,50692,9613785,596468,413250,188607,13643,2146,0,3585509,88697,68211,0,43610245,9240696,193983,0,34723,0,50083698,2811,3418086,57015420,3310324,2887877,19751808,0,2819667,0,0,144148,0,2067,513073,0,0,219735,0,2999896,5472,0,2659,0,0,0,356558,6125120,1626766,2070526,5382882,11665,0,0,0,0,302221,928892,0,0,0,0,0
1183.817643,4960754,37300,0,64756045,227141055,85693991,0,316998,3437537,1404995,47601,9143686,298548,263478,174073,0,0,0,3261716,63639,60965,2963,39728068,8783622,174194,0,34101,0,47819331,0,3335468,51846662,3044520,2658289,18950683,2925,2653706,0,0,101150,2115,0,531650,0,0,212640,0,2030841,0,0,0,0,0,0,348581,5766779,2044983,2179656,5021920,3376,0,0,0,0,229520,718089,0,0,0,3559,0
1184.151803,0,0,0,41784788,152554242,56226513,4982,175579,2187490,902640,0,0,130955,0,0,0,0,0,0,23416,19373,0,26123396,0,0,0,0,0,0,2358,0,34926613,0,0,0,0,1873327,0,0,34103,0,0,338109,0,0,112672,2426,987422,0,0,2041,0,0,0,0,0,1223445,1610512,3313010,6317,38096,0,0,0,103940,0,5021,0,0,2107,0
1195.456216,30436704,663124,0,143209812,335115613,63642391,0,1821295,4718321,8381651,342475,7184019,1263595,2885311,2182328,103526,0,0,1994213,129512,98831,0,46363291,7714530,2811864,0,3796,0,15461852,0,10589638,30329166,3950295,8176099,67478320,3603,15794071,0,0,1788090,0,0,3672065,0,0,698769,0,5810687,5289,0,0,413806,0,0,1477436,20581342,9624223,6262128,12561332,96125,49047,0,489820,0,3071246,1803816,5425,0,0,2380,0
1195.656659,24313358,1256626,0,131138661,283856471,55365233,6791,2291694,4699779,6621830,338019,6017430,1003898,2412661,1881069,108686,0,0,1840069,440314,107980,0,38648929,6852871,2397780,0,0,0,11902075,2151,8803360,26968196,3209700,6288213,56222504,0,11772360,0,0,2444326,7774,0,2096686,0,4656,561071,0,7113591,3777,0,4304,294295,0,2183,1065823,16139277,7390699,4824797,11323721,94946,0,0,0,3246,2835108,2227083,4101,0,11607,0,2878
1196.057483,11020486,403716,0,52920603,124299541,22716182,0,1090629,1834461,2870474,119045,2453366,346557,322482,418814,38777,0,0,595738,118937,27354,0,16740443,2746942,962146,0,0,0,4765133,0,3709375,11002150,1391020,3016202,24172297,0,5295667,0,3877,1007790,3014,0,1335434,0,2488,171179,2692,2763070,5620,0,3443,0,2083,2937,464263,6794019,2904847,2528980,4915415,19107,0,0,0,3144,1364498,809979,13621,0,18206,10079,0
1196.257799,6756594,95728,0,28963097,69502024,13180952,0,645995,681612,1651104,13897,1402912,140459,353001,223032,18688,0,0,358002,44725,0,0,9227608,1249665,320434,0,2984,0,2916570,0,1936631,6313963,652267,1547098,13472350,0,2767667,0,0,333376,0,0,720433,0,0,41127,0,756171,2112,0,0,0,0,4197,230869,4136458,2250237,1239197,2504322,55494,0,0,0,8495,420775,265663,0,0,0,2302,0
1225.409015,5860518,60253,0,6302600,4977626,688918,0,40642,340235,2512739,34840,958848,83874,337370,1149282,22498,0,0,366322,471465,3883,0,7812463,716343,541376,0,219241,0,2848060,0,1165325,5297383,99377,744820,853229,0,3046022,0,0,448731,0,0,654361,0,2347,1515372,0,2669723,4456,217611,2263,0,0,0,386694,7855261,302051,826926,2385924,2610,52475,31853,0,0,1967048,1823417,0,0,0,0,0
1225.910763,4754568,68852,0,6132503,5840641,494795,0,19009,319897,2439768,52140,898098,91081,411311,610437,10350,0,0,450668,286935,0,0,8007836,744105,574091,0,203897,0,2720930,0,1141822,5607929,86408,717908,990919,0,2876825,0,0,186347,0,0,689335,0,0,1374868,2527,2893864,0,0,0,229023,0,0,417132,8069530,325002,1138330,2308096,2318,80456,0,0,0,2367365,1821493,0,0,2404,0,0
1256.673907,3319645,440684,0,25745809,30786103,5916613,0,211276,585447,961264,62346,1207567,131939,945168,223056,26780,0,0,418779,224759,25819,0,67636708,12231461,661322,4134,33838,0,3061628,0,1790664,10730723,399067,2115869,14118768,0,8708103,0,3447,1401399,0,0,657694,2807,0,720699,4577,1555458,0,3543372,0,1556991,0,0,306638,9784956,2037260,1102715,1150733,8379,4585695,958849,2529282,0,2428168,3239881,3118,4613,0,2063,0
1256.874285,3158825,233317,0,27841984,34749979,6509376,2516,216206,548342,1033771,31095,1400321,144620,1422102,432021,35200,0,0,452522,223064,25857,0,76315887,13100377,628257,0,52311,0,2856170,0,2161875,11705719,448925,2395171,15355414,0,9818705,0,0,1890182,0,0,815755,0,0,956514,0,1582753,0,2937968,0,873605,0,0,336666,11315260,2105837,1258381,1596077,2127,4509880,1379159,3583857,0,2534426,3897400,0,0,0,2031,0
1257.074696,2724582,205822,0,24594765,30108479,5573067,0,273449,518723,719065,72772,1293799,125616,1302609,356967,22787,0,0,424030,202533,37599,0,65948551,11132164,442299,0,55092,3356,2568187,0,1873598,9985322,420880,2136394,13695930,0,7977192,0,0,1713746,0,0,669896,0,0,849528,2610,1514873,0,2427326,6762,993457,2017,0,282942,9131401,1874787,945655,1325242,0,4814180,933126,3512408,2736,2353835,3524664,0,0,0,0,2985
1257.275205,1871339,151195,0,17915081,23494087,3973483,0,137351,428033,516671,43973,817634,89261,841051,253809,14077,0,0,326960,129810,6227,0,48786187,8799865,428335,0,20737,0,1912296,0,1319193,8652574,259499,1489706,10620049,0,5833062,0,0,1256253,0,0,474954,0,0,548560,0,1040723,0,1629155,0,495984,0,0,191355,7035053,1482997,633544,793327,4898,2829742,485048,2159677,0,1718841,2122924,0,0,0,3304,0
1306.435587,5127190,57912,0,5780625,4561407,279328,0,35541,313725,2217192,37770,928350,56681,285238,827932,29234,0,0,398173,491567,0,0,6978281,642275,1023050,0,152149,0,2828430,0,896330,4798922,34032,622413,767692,0,2938004,0,0,239097,0,2434,379742,0,0,1350189,2837,2462749,4996,43090,0,0,0,0,346292,7325886,15328,327971,2569174,0,0,28269,0,0,2026903,1126074,0,0,0,0,0
1327.102744,2620351,61238,0,43582791,52820175,19769868,0,601184,1412433,4755483,17812,2754807,133501,1468887,457296,17957,0,0,742180,94248,0,0,22118260,4051822,1004621,0,34134,0,4422296,2297,2271720,9963974,710943,1231383,15470488,0,4846717,0,0,129722,6559587,257047,899854,0,0,24480,125451,1242703,177318,0,0,0,2186926,6761,547011,7459859,391038,217916,3113125,14647260,0,0,0,285140,0,98936,2568677,12653,52106,15209,6704
1493.567426,10310973,102348,0,54637463,129932148,21910710,0,393177,1428839,2794386,59989,1963012,323633,834036,287981,27038,0,0,701099,43768,3082,3365,12928056,2252974,1075008,0,0,0,5446924,0,3899669,10016353,637499,2530190,25394877,3408,4292635,0,0,805806,0,0,556939,2478,2280,173949,2721,2905421,0,0,0,234337,7946,0,504296,5817117,4044177,3910043,7028181,350841,81518,0,318063,6577,941767,476722,5387,0,0,0,0
