Description,Scientific Name,Taxid,Max Score,Total Score,Query Cover,E value,Per. ident,Acc. Len,Accession  
hypothetical protein Celaphus_00005540 [Cervus elaphus hippelaphus],Cervus elaphus hippelaphus,46360,100,224,4%,7e-18,33.19,310,"=HYPERLINK(""https://www.ncbi.nlm.nih.gov/protein/OWK10066.1?report=genbank&log$=prottop&blast_rank=1&RID=99YT6Y1T016"",""OWK10066.1"")"
Ig kappa chain V-III region VG [Chelonia mydas],Chelonia mydas,8469,93.6,170,6%,4e-15,30.00,405,"=HYPERLINK(""https://www.ncbi.nlm.nih.gov/protein/EMP41028.1?report=genbank&log$=prottop&blast_rank=2&RID=99YT6Y1T016"",""EMP41028.1"")"
Actin [Zygosaccharomyces bailii ISA1307],Zygosaccharomyces bailii ISA1307,1355161,89.7,159,1%,8e-14,53.95,402,"=HYPERLINK(""https://www.ncbi.nlm.nih.gov/protein/CDH13887.1?report=genbank&log$=prottop&blast_rank=3&RID=99YT6Y1T016"",""CDH13887.1"")"
HK1 isoform 11 [Pan troglodytes],Pan troglodytes,9598,80.5,80.5,0%,4e-13,100.00,114,"=HYPERLINK(""https://www.ncbi.nlm.nih.gov/protein/PNI75589.1?report=genbank&log$=prottop&blast_rank=4&RID=99YT6Y1T016"",""PNI75589.1"")"
testis-specific hexokinase 1 [Homo sapiens],Homo sapiens,9606,80.1,80.1,0%,5e-13,100.00,114,"=HYPERLINK(""https://www.ncbi.nlm.nih.gov/protein/AAC25424.1?report=genbank&log$=prottop&blast_rank=5&RID=99YT6Y1T016"",""AAC25424.1"")"
HK1 isoform 1 [Pongo abelii],Pongo abelii,9601,80.1,80.1,0%,1e-12,97.30,139,"=HYPERLINK(""https://www.ncbi.nlm.nih.gov/protein/PNJ09966.1?report=genbank&log$=prottop&blast_rank=6&RID=99YT6Y1T016"",""PNJ09966.1"")"
ceruloplasmin [Rousettus aegyptiacus],Rousettus aegyptiacus,9407,88.2,88.2,1%,1e-12,51.09,946,"=HYPERLINK(""https://www.ncbi.nlm.nih.gov/protein/KAF6473752.1?report=genbank&log$=prottop&blast_rank=7&RID=99YT6Y1T016"",""KAF6473752.1"")"
ceruloplasmin [Rousettus aegyptiacus],Rousettus aegyptiacus,9407,88.2,88.2,1%,1e-12,51.09,1066,"=HYPERLINK(""https://www.ncbi.nlm.nih.gov/protein/KAF6473751.1?report=genbank&log$=prottop&blast_rank=8&RID=99YT6Y1T016"",""KAF6473751.1"")"
ceruloplasmin [Rousettus aegyptiacus],Rousettus aegyptiacus,9407,88.2,88.2,1%,1e-12,51.09,1060,"=HYPERLINK(""https://www.ncbi.nlm.nih.gov/protein/KAF6473754.1?report=genbank&log$=prottop&blast_rank=9&RID=99YT6Y1T016"",""KAF6473754.1"")"
ceruloplasmin isoform X3 [Rousettus aegyptiacus],Rousettus aegyptiacus,9407,88.2,88.2,1%,2e-12,51.09,1098,"=HYPERLINK(""https://www.ncbi.nlm.nih.gov/protein/XP_016015176.2?report=genbank&log$=prottop&blast_rank=10&RID=99YT6Y1T016"",""XP_016015176.2"")"
ceruloplasmin [Rousettus aegyptiacus],Rousettus aegyptiacus,9407,87.8,87.8,1%,2e-12,51.09,820,"=HYPERLINK(""https://www.ncbi.nlm.nih.gov/protein/KAF6473749.1?report=genbank&log$=prottop&blast_rank=11&RID=99YT6Y1T016"",""KAF6473749.1"")"
ceruloplasmin isoform X2 [Rousettus aegyptiacus],Rousettus aegyptiacus,9407,88.2,88.2,1%,2e-12,51.09,1112,"=HYPERLINK(""https://www.ncbi.nlm.nih.gov/protein/XP_016015169.2?report=genbank&log$=prottop&blast_rank=12&RID=99YT6Y1T016"",""XP_016015169.2"")"
ceruloplasmin [Rousettus aegyptiacus],Rousettus aegyptiacus,9407,87.8,87.8,1%,2e-12,51.09,1088,"=HYPERLINK(""https://www.ncbi.nlm.nih.gov/protein/KAF6473753.1?report=genbank&log$=prottop&blast_rank=13&RID=99YT6Y1T016"",""KAF6473753.1"")"
ceruloplasmin isoform X1 [Rousettus aegyptiacus],Rousettus aegyptiacus,9407,87.8,87.8,1%,2e-12,51.09,1126,"=HYPERLINK(""https://www.ncbi.nlm.nih.gov/protein/XP_016015162.2?report=genbank&log$=prottop&blast_rank=14&RID=99YT6Y1T016"",""XP_016015162.2"")"
ceruloplasmin isoform X2 [Lontra canadensis],Lontra canadensis,76717,87.0,87.0,1%,3e-12,51.06,1071,"=HYPERLINK(""https://www.ncbi.nlm.nih.gov/protein/XP_032708342.1?report=genbank&log$=prottop&blast_rank=15&RID=99YT6Y1T016"",""XP_032708342.1"")"
ceruloplasmin isoform X3 [Lontra canadensis],Lontra canadensis,76717,87.0,87.0,1%,3e-12,51.06,1065,"=HYPERLINK(""https://www.ncbi.nlm.nih.gov/protein/XP_032708343.1?report=genbank&log$=prottop&blast_rank=16&RID=99YT6Y1T016"",""XP_032708343.1"")"
ceruloplasmin isoform X1 [Lontra canadensis],Lontra canadensis,76717,87.0,87.0,1%,3e-12,51.06,1094,"=HYPERLINK(""https://www.ncbi.nlm.nih.gov/protein/XP_032708341.1?report=genbank&log$=prottop&blast_rank=17&RID=99YT6Y1T016"",""XP_032708341.1"")"
"actin, cytoplasmic 1-like isoform 4 [Planoprotostelium fungivorum]",Planoprotostelium fungivorum,1890364,80.9,135,2%,3e-12,58.46,212,"=HYPERLINK(""https://www.ncbi.nlm.nih.gov/protein/PRP78624.1?report=genbank&log$=prottop&blast_rank=18&RID=99YT6Y1T016"",""PRP78624.1"")"
ceruloplasmin isoform X1 [Neomonachus schauinslandi],Neomonachus schauinslandi,29088,87.0,87.0,1%,3e-12,51.09,1073,"=HYPERLINK(""https://www.ncbi.nlm.nih.gov/protein/XP_021541659.1?report=genbank&log$=prottop&blast_rank=19&RID=99YT6Y1T016"",""XP_021541659.1"")"
ceruloplasmin isoform X2 [Neomonachus schauinslandi],Neomonachus schauinslandi,29088,86.7,86.7,1%,4e-12,51.09,1065,"=HYPERLINK(""https://www.ncbi.nlm.nih.gov/protein/XP_021541660.1?report=genbank&log$=prottop&blast_rank=20&RID=99YT6Y1T016"",""XP_021541660.1"")"
ceruloplasmin [Pteropus alecto],Pteropus alecto,9402,86.3,86.3,1%,5e-12,51.09,883,"=HYPERLINK(""https://www.ncbi.nlm.nih.gov/protein/XP_024898265.1?report=genbank&log$=prottop&blast_rank=21&RID=99YT6Y1T016"",""XP_024898265.1"")"
unnamed protein product [Cylicostephanus goldi],Cylicostephanus goldi,71465,77.0,125,1%,5e-12,75.47,103,"=HYPERLINK(""https://www.ncbi.nlm.nih.gov/protein/VDN32219.1?report=genbank&log$=prottop&blast_rank=22&RID=99YT6Y1T016"",""VDN32219.1"")"
PREDICTED: ceruloplasmin isoform X4 [Panthera pardus],Panthera pardus,9691,86.3,86.3,1%,5e-12,51.09,1026,"=HYPERLINK(""https://www.ncbi.nlm.nih.gov/protein/XP_019294767.1?report=genbank&log$=prottop&blast_rank=23&RID=99YT6Y1T016"",""XP_019294767.1"")"
ceruloplasmin isoform X5 [Mirounga leonina],Mirounga leonina,9715,86.3,86.3,1%,6e-12,51.09,1016,"=HYPERLINK(""https://www.ncbi.nlm.nih.gov/protein/XP_034852537.1?report=genbank&log$=prottop&blast_rank=24&RID=99YT6Y1T016"",""XP_034852537.1"")"
ceruloplasmin precursor [Sus scrofa],Sus scrofa,9823,86.3,86.3,1%,6e-12,48.54,1065,"=HYPERLINK(""https://www.ncbi.nlm.nih.gov/protein/NP_001254623.2?report=genbank&log$=prottop&blast_rank=25&RID=99YT6Y1T016"",""NP_001254623.2"")"
ceruloplasmin isoform X2 [Mirounga leonina],Mirounga leonina,9715,86.3,86.3,1%,6e-12,51.09,1094,"=HYPERLINK(""https://www.ncbi.nlm.nih.gov/protein/XP_034852505.1?report=genbank&log$=prottop&blast_rank=26&RID=99YT6Y1T016"",""XP_034852505.1"")"
ceruloplasmin isoform X4 [Mirounga leonina],Mirounga leonina,9715,86.3,86.3,1%,6e-12,51.09,1065,"=HYPERLINK(""https://www.ncbi.nlm.nih.gov/protein/XP_034852521.1?report=genbank&log$=prottop&blast_rank=27&RID=99YT6Y1T016"",""XP_034852521.1"")"
ceruloplasmin isoform X3 [Mirounga leonina],Mirounga leonina,9715,86.3,86.3,1%,6e-12,51.09,1084,"=HYPERLINK(""https://www.ncbi.nlm.nih.gov/protein/XP_034852513.1?report=genbank&log$=prottop&blast_rank=28&RID=99YT6Y1T016"",""XP_034852513.1"")"
ceruloplasmin isoform X1 [Sus scrofa],Sus scrofa,9823,86.3,86.3,1%,6e-12,48.54,1094,"=HYPERLINK(""https://www.ncbi.nlm.nih.gov/protein/XP_013847041.1?report=genbank&log$=prottop&blast_rank=29&RID=99YT6Y1T016"",""XP_013847041.1"")"
PREDICTED: ceruloplasmin [Panthera tigris altaica],Panthera tigris altaica,74533,85.9,85.9,1%,6e-12,51.09,1065,"=HYPERLINK(""https://www.ncbi.nlm.nih.gov/protein/XP_015394829.1?report=genbank&log$=prottop&blast_rank=30&RID=99YT6Y1T016"",""XP_015394829.1"")"
Ceruloplasmin [Pteropus alecto],Pteropus alecto,9402,85.9,85.9,1%,6e-12,51.09,1089,"=HYPERLINK(""https://www.ncbi.nlm.nih.gov/protein/ELK00544.1?report=genbank&log$=prottop&blast_rank=31&RID=99YT6Y1T016"",""ELK00544.1"")"
PREDICTED: ceruloplasmin isoform X3 [Panthera pardus],Panthera pardus,9691,85.9,85.9,1%,6e-12,51.09,1065,"=HYPERLINK(""https://www.ncbi.nlm.nih.gov/protein/XP_019294762.1?report=genbank&log$=prottop&blast_rank=32&RID=99YT6Y1T016"",""XP_019294762.1"")"
PREDICTED: ceruloplasmin isoform X2 [Panthera pardus],Panthera pardus,9691,85.9,85.9,1%,6e-12,51.09,1082,"=HYPERLINK(""https://www.ncbi.nlm.nih.gov/protein/XP_019294757.1?report=genbank&log$=prottop&blast_rank=33&RID=99YT6Y1T016"",""XP_019294757.1"")"
ceruloplasmin [Leptonychotes weddellii],Leptonychotes weddellii,9713,85.9,85.9,1%,7e-12,51.09,1094,"=HYPERLINK(""https://www.ncbi.nlm.nih.gov/protein/XP_030897340.1?report=genbank&log$=prottop&blast_rank=34&RID=99YT6Y1T016"",""XP_030897340.1"")"
ceruloplasmin isoform X1 [Mirounga leonina],Mirounga leonina,9715,85.9,85.9,1%,7e-12,51.09,1096,"=HYPERLINK(""https://www.ncbi.nlm.nih.gov/protein/XP_034852497.1?report=genbank&log$=prottop&blast_rank=35&RID=99YT6Y1T016"",""XP_034852497.1"")"
PREDICTED: ceruloplasmin isoform X1 [Panthera pardus],Panthera pardus,9691,85.9,85.9,1%,7e-12,51.09,1094,"=HYPERLINK(""https://www.ncbi.nlm.nih.gov/protein/XP_019294747.1?report=genbank&log$=prottop&blast_rank=36&RID=99YT6Y1T016"",""XP_019294747.1"")"
hypothetical protein GH733_002700 [Mirounga leonina],Mirounga leonina,9715,86.3,86.3,1%,7e-12,51.09,1965,"=HYPERLINK(""https://www.ncbi.nlm.nih.gov/protein/KAF3827214.1?report=genbank&log$=prottop&blast_rank=37&RID=99YT6Y1T016"",""KAF3827214.1"")"
hypothetical protein WUBG_18033 [Wuchereria bancrofti],Wuchereria bancrofti,6293,75.5,75.5,0%,7e-12,85.00,76,"=HYPERLINK(""https://www.ncbi.nlm.nih.gov/protein/EJW71060.1?report=genbank&log$=prottop&blast_rank=38&RID=99YT6Y1T016"",""EJW71060.1"")"
ceruloplasmin isoform X1 [Phoca vitulina],Phoca vitulina,9720,85.5,85.5,1%,9e-12,50.00,1094,"=HYPERLINK(""https://www.ncbi.nlm.nih.gov/protein/XP_032264365.1?report=genbank&log$=prottop&blast_rank=39&RID=99YT6Y1T016"",""XP_032264365.1"")"
ceruloplasmin isoform X3 [Phoca vitulina],Phoca vitulina,9720,85.5,85.5,1%,9e-12,50.00,1065,"=HYPERLINK(""https://www.ncbi.nlm.nih.gov/protein/XP_032264367.1?report=genbank&log$=prottop&blast_rank=40&RID=99YT6Y1T016"",""XP_032264367.1"")"
ceruloplasmin isoform X4 [Hyaena hyaena],Hyaena hyaena,95912,85.5,85.5,1%,9e-12,51.09,1053,"=HYPERLINK(""https://www.ncbi.nlm.nih.gov/protein/XP_039096961.1?report=genbank&log$=prottop&blast_rank=41&RID=99YT6Y1T016"",""XP_039096961.1"")"
ceruloplasmin [Enhydra lutris kenyoni],Enhydra lutris kenyoni,391180,85.5,85.5,1%,9e-12,51.06,1064,"=HYPERLINK(""https://www.ncbi.nlm.nih.gov/protein/XP_022359529.1?report=genbank&log$=prottop&blast_rank=42&RID=99YT6Y1T016"",""XP_022359529.1"")"
ceruloplasmin isoform X2 [Phoca vitulina],Phoca vitulina,9720,85.5,85.5,1%,1e-11,50.00,1066,"=HYPERLINK(""https://www.ncbi.nlm.nih.gov/protein/XP_032264366.1?report=genbank&log$=prottop&blast_rank=43&RID=99YT6Y1T016"",""XP_032264366.1"")"
PREDICTED: ceruloplasmin isoform X2 [Mustela putorius furo],Mustela putorius furo,9669,85.5,85.5,1%,1e-11,51.06,1071,"=HYPERLINK(""https://www.ncbi.nlm.nih.gov/protein/XP_004755555.1?report=genbank&log$=prottop&blast_rank=44&RID=99YT6Y1T016"",""XP_004755555.1"")"
PREDICTED: ceruloplasmin isoform X3 [Mustela putorius furo],Mustela putorius furo,9669,85.5,85.5,1%,1e-11,51.06,1065,"=HYPERLINK(""https://www.ncbi.nlm.nih.gov/protein/XP_004755556.1?report=genbank&log$=prottop&blast_rank=45&RID=99YT6Y1T016"",""XP_004755556.1"")"
ceruloplasmin isoform X2 [Mustela erminea],Mustela erminea,36723,85.5,85.5,1%,1e-11,51.06,1071,"=HYPERLINK(""https://www.ncbi.nlm.nih.gov/protein/XP_032201856.1?report=genbank&log$=prottop&blast_rank=46&RID=99YT6Y1T016"",""XP_032201856.1"")"
alpha-tubulin [Sarcophaga dux],Sarcophaga dux,321200,75.9,75.9,0%,1e-11,64.91,104,"=HYPERLINK(""https://www.ncbi.nlm.nih.gov/protein/QGJ03708.1?report=genbank&log$=prottop&blast_rank=47&RID=99YT6Y1T016"",""QGJ03708.1"")"
CERU protein [Crocuta crocuta],Crocuta crocuta,9678,85.1,85.1,1%,1e-11,51.09,1062,"=HYPERLINK(""https://www.ncbi.nlm.nih.gov/protein/KAF0879815.1?report=genbank&log$=prottop&blast_rank=48&RID=99YT6Y1T016"",""KAF0879815.1"")"
ceruloplasmin isoform X3 [Mustela erminea],Mustela erminea,36723,85.1,85.1,1%,1e-11,51.06,1065,"=HYPERLINK(""https://www.ncbi.nlm.nih.gov/protein/XP_032201865.1?report=genbank&log$=prottop&blast_rank=49&RID=99YT6Y1T016"",""XP_032201865.1"")"
unnamed protein product [Gulo gulo],Gulo gulo,48420,85.1,85.1,1%,1e-11,51.06,1094,"=HYPERLINK(""https://www.ncbi.nlm.nih.gov/protein/VCX15569.1?report=genbank&log$=prottop&blast_rank=50&RID=99YT6Y1T016"",""VCX15569.1"")"
PREDICTED: ceruloplasmin isoform X1 [Mustela putorius furo],Mustela putorius furo,9669,85.1,85.1,1%,1e-11,51.06,1094,"=HYPERLINK(""https://www.ncbi.nlm.nih.gov/protein/XP_004755552.1?report=genbank&log$=prottop&blast_rank=51&RID=99YT6Y1T016"",""XP_004755552.1"")"
ceruloplasmin isoform X1 [Mustela erminea],Mustela erminea,36723,85.1,85.1,1%,1e-11,51.06,1094,"=HYPERLINK(""https://www.ncbi.nlm.nih.gov/protein/XP_032201841.1?report=genbank&log$=prottop&blast_rank=52&RID=99YT6Y1T016"",""XP_032201841.1"")"
ceruloplasmin isoform X2 [Hyaena hyaena],Hyaena hyaena,95912,85.1,85.1,1%,1e-11,51.09,1110,"=HYPERLINK(""https://www.ncbi.nlm.nih.gov/protein/XP_039096959.1?report=genbank&log$=prottop&blast_rank=53&RID=99YT6Y1T016"",""XP_039096959.1"")"
alpha-tubulin [Sarcophaga peregrina],Sarcophaga peregrina,7386,75.9,75.9,0%,1e-11,64.91,108,"=HYPERLINK(""https://www.ncbi.nlm.nih.gov/protein/QBI90218.1?report=genbank&log$=prottop&blast_rank=54&RID=99YT6Y1T016"",""QBI90218.1"")"
beta-tubulin [Montastraea cavernosa],Montastraea cavernosa,63558,74.7,74.7,0%,1e-11,82.50,73,"=HYPERLINK(""https://www.ncbi.nlm.nih.gov/protein/AEH05782.1?report=genbank&log$=prottop&blast_rank=55&RID=99YT6Y1T016"",""AEH05782.1"")"
ceruloplasmin isoform X3 [Suricata suricatta],Suricata suricatta,37032,85.1,85.1,1%,1e-11,51.09,1010,"=HYPERLINK(""https://www.ncbi.nlm.nih.gov/protein/XP_029795936.1?report=genbank&log$=prottop&blast_rank=56&RID=99YT6Y1T016"",""XP_029795936.1"")"
ceruloplasmin isoform X2 [Halichoerus grypus],Halichoerus grypus,9711,85.1,85.1,1%,1e-11,48.91,1082,"=HYPERLINK(""https://www.ncbi.nlm.nih.gov/protein/XP_035971510.1?report=genbank&log$=prottop&blast_rank=57&RID=99YT6Y1T016"",""XP_035971510.1"")"
ceruloplasmin isoform X1 [Hyaena hyaena],Hyaena hyaena,95912,85.1,85.1,1%,1e-11,51.09,1136,"=HYPERLINK(""https://www.ncbi.nlm.nih.gov/protein/XP_039096958.1?report=genbank&log$=prottop&blast_rank=58&RID=99YT6Y1T016"",""XP_039096958.1"")"
beta-tubulin [Porites lutea],Porites lutea,51062,75.9,75.9,0%,1e-11,85.00,111,"=HYPERLINK(""https://www.ncbi.nlm.nih.gov/protein/QDM39280.1?report=genbank&log$=prottop&blast_rank=59&RID=99YT6Y1T016"",""QDM39280.1"")"
ceruloplasmin isoform X3 [Halichoerus grypus],Halichoerus grypus,9711,85.1,85.1,1%,1e-11,48.91,1065,"=HYPERLINK(""https://www.ncbi.nlm.nih.gov/protein/XP_035971512.1?report=genbank&log$=prottop&blast_rank=60&RID=99YT6Y1T016"",""XP_035971512.1"")"
ceruloplasmin isoform X1 [Halichoerus grypus],Halichoerus grypus,9711,85.1,85.1,1%,1e-11,48.91,1094,"=HYPERLINK(""https://www.ncbi.nlm.nih.gov/protein/XP_035971509.1?report=genbank&log$=prottop&blast_rank=61&RID=99YT6Y1T016"",""XP_035971509.1"")"
ceruloplasmin isoform X2 [Suricata suricatta],Suricata suricatta,37032,85.1,85.1,1%,1e-11,51.09,1066,"=HYPERLINK(""https://www.ncbi.nlm.nih.gov/protein/XP_029795935.1?report=genbank&log$=prottop&blast_rank=62&RID=99YT6Y1T016"",""XP_029795935.1"")"
ceruloplasmin isoform X5 [Zalophus californianus],Zalophus californianus,9704,84.7,84.7,1%,1e-11,51.09,977,"=HYPERLINK(""https://www.ncbi.nlm.nih.gov/protein/XP_027442797.1?report=genbank&log$=prottop&blast_rank=63&RID=99YT6Y1T016"",""XP_027442797.1"")"
unnamed protein product [Rotaria socialis],Rotaria socialis,392032,74.7,74.7,0%,1e-11,82.50,78,"=HYPERLINK(""https://www.ncbi.nlm.nih.gov/protein/CAF5060421.1?report=genbank&log$=prottop&blast_rank=64&RID=99YT6Y1T016"",""CAF5060421.1"")"
hypothetical protein Celaphus_00013391 [Cervus elaphus hippelaphus],Cervus elaphus hippelaphus,46360,77.8,77.8,0%,1e-11,66.07,161,"=HYPERLINK(""https://www.ncbi.nlm.nih.gov/protein/OWK17435.1?report=genbank&log$=prottop&blast_rank=65&RID=99YT6Y1T016"",""OWK17435.1"")"
ceruloplasmin isoform X3 [Zalophus californianus],Zalophus californianus,9704,84.7,84.7,1%,1e-11,51.09,1029,"=HYPERLINK(""https://www.ncbi.nlm.nih.gov/protein/XP_027442795.1?report=genbank&log$=prottop&blast_rank=66&RID=99YT6Y1T016"",""XP_027442795.1"")"
ceruloplasmin isoform X3 [Hyaena hyaena],Hyaena hyaena,95912,84.7,84.7,1%,1e-11,51.09,1078,"=HYPERLINK(""https://www.ncbi.nlm.nih.gov/protein/XP_039096960.1?report=genbank&log$=prottop&blast_rank=67&RID=99YT6Y1T016"",""XP_039096960.1"")"
ceruloplasmin isoform X1 [Suricata suricatta],Suricata suricatta,37032,84.7,84.7,1%,1e-11,51.09,1095,"=HYPERLINK(""https://www.ncbi.nlm.nih.gov/protein/XP_029795934.1?report=genbank&log$=prottop&blast_rank=68&RID=99YT6Y1T016"",""XP_029795934.1"")"
ceruloplasmin isoform X5 [Macaca mulatta],Macaca mulatta,9544,84.7,84.7,1%,2e-11,50.00,1065,"=HYPERLINK(""https://www.ncbi.nlm.nih.gov/protein/XP_014987271.1?report=genbank&log$=prottop&blast_rank=69&RID=99YT6Y1T016"",""XP_014987271.1"")"
ceruloplasmin-like [Hylobates moloch],Hylobates moloch,81572,83.2,83.2,1%,2e-11,50.00,484,"=HYPERLINK(""https://www.ncbi.nlm.nih.gov/protein/XP_032027923.1?report=genbank&log$=prottop&blast_rank=70&RID=99YT6Y1T016"",""XP_032027923.1"")"
ceruloplasmin isoform X4 [Callorhinus ursinus],Callorhinus ursinus,34884,84.7,84.7,1%,2e-11,51.09,1063,"=HYPERLINK(""https://www.ncbi.nlm.nih.gov/protein/XP_025736553.1?report=genbank&log$=prottop&blast_rank=71&RID=99YT6Y1T016"",""XP_025736553.1"")"
ceruloplasmin isoform X4 [Macaca mulatta],Macaca mulatta,9544,84.7,84.7,1%,2e-11,50.00,1065,"=HYPERLINK(""https://www.ncbi.nlm.nih.gov/protein/XP_014987270.1?report=genbank&log$=prottop&blast_rank=72&RID=99YT6Y1T016"",""XP_014987270.1"")"
ceruloplasmin isoform X3 [Callorhinus ursinus],Callorhinus ursinus,34884,84.7,84.7,1%,2e-11,51.09,1065,"=HYPERLINK(""https://www.ncbi.nlm.nih.gov/protein/XP_025736543.1?report=genbank&log$=prottop&blast_rank=73&RID=99YT6Y1T016"",""XP_025736543.1"")"
ceruloplasmin isoform X6 [Callorhinus ursinus],Callorhinus ursinus,34884,84.7,84.7,1%,2e-11,51.09,1008,"=HYPERLINK(""https://www.ncbi.nlm.nih.gov/protein/XP_025736575.1?report=genbank&log$=prottop&blast_rank=74&RID=99YT6Y1T016"",""XP_025736575.1"")"
ceruloplasmin isoform X5 [Callorhinus ursinus],Callorhinus ursinus,34884,84.7,84.7,1%,2e-11,51.09,1016,"=HYPERLINK(""https://www.ncbi.nlm.nih.gov/protein/XP_025736567.1?report=genbank&log$=prottop&blast_rank=75&RID=99YT6Y1T016"",""XP_025736567.1"")"
ceruloplasmin isoform X4 [Eumetopias jubatus],Eumetopias jubatus,34886,84.7,84.7,1%,2e-11,51.09,1008,"=HYPERLINK(""https://www.ncbi.nlm.nih.gov/protein/XP_027958835.1?report=genbank&log$=prottop&blast_rank=76&RID=99YT6Y1T016"",""XP_027958835.1"")"
ceruloplasmin isoform X1 [Callorhinus ursinus],Callorhinus ursinus,34884,84.7,84.7,1%,2e-11,51.09,1094,"=HYPERLINK(""https://www.ncbi.nlm.nih.gov/protein/XP_025736525.1?report=genbank&log$=prottop&blast_rank=77&RID=99YT6Y1T016"",""XP_025736525.1"")"
hypothetical protein EGM_11002 [Macaca fascicularis],Macaca fascicularis,9541,84.7,84.7,1%,2e-11,50.00,1065,"=HYPERLINK(""https://www.ncbi.nlm.nih.gov/protein/EHH51593.1?report=genbank&log$=prottop&blast_rank=78&RID=99YT6Y1T016"",""EHH51593.1"")"
ceruloplasmin isoform X3 [Macaca mulatta],Macaca mulatta,9544,84.7,84.7,1%,2e-11,50.00,1069,"=HYPERLINK(""https://www.ncbi.nlm.nih.gov/protein/XP_014987268.1?report=genbank&log$=prottop&blast_rank=79&RID=99YT6Y1T016"",""XP_014987268.1"")"
unnamed protein product [Macaca fascicularis],Macaca fascicularis,9541,80.5,80.5,0%,2e-11,97.30,273,"=HYPERLINK(""https://www.ncbi.nlm.nih.gov/protein/BAE00346.1?report=genbank&log$=prottop&blast_rank=80&RID=99YT6Y1T016"",""BAE00346.1"")"
ceruloplasmin isoform X4 [Zalophus californianus],Zalophus californianus,9704,84.7,84.7,1%,2e-11,51.09,1016,"=HYPERLINK(""https://www.ncbi.nlm.nih.gov/protein/XP_027442796.1?report=genbank&log$=prottop&blast_rank=81&RID=99YT6Y1T016"",""XP_027442796.1"")"
hypothetical protein EGK_12013 [Macaca mulatta],Macaca mulatta,9544,84.7,84.7,1%,2e-11,50.00,1065,"=HYPERLINK(""https://www.ncbi.nlm.nih.gov/protein/EHH16685.1?report=genbank&log$=prottop&blast_rank=82&RID=99YT6Y1T016"",""EHH16685.1"")"
ceruloplasmin isoform X2 [Zalophus californianus],Zalophus californianus,9704,84.7,84.7,1%,2e-11,51.09,1065,"=HYPERLINK(""https://www.ncbi.nlm.nih.gov/protein/XP_027442794.1?report=genbank&log$=prottop&blast_rank=83&RID=99YT6Y1T016"",""XP_027442794.1"")"
ceruloplasmin isoform X2 [Macaca mulatta],Macaca mulatta,9544,84.7,84.7,1%,2e-11,50.00,1090,"=HYPERLINK(""https://www.ncbi.nlm.nih.gov/protein/XP_014987267.1?report=genbank&log$=prottop&blast_rank=84&RID=99YT6Y1T016"",""XP_014987267.1"")"
ceruloplasmin isoform X3 [Eumetopias jubatus],Eumetopias jubatus,34886,84.3,84.3,1%,2e-11,51.09,1016,"=HYPERLINK(""https://www.ncbi.nlm.nih.gov/protein/XP_027958834.1?report=genbank&log$=prottop&blast_rank=85&RID=99YT6Y1T016"",""XP_027958834.1"")"
ceruloplasmin isoform X1 [Zalophus californianus],Zalophus californianus,9704,84.7,84.7,1%,2e-11,51.09,1094,"=HYPERLINK(""https://www.ncbi.nlm.nih.gov/protein/XP_027442793.1?report=genbank&log$=prottop&blast_rank=86&RID=99YT6Y1T016"",""XP_027442793.1"")"
ceruloplasmin isoform X2 [Delphinapterus leucas],Delphinapterus leucas,9749,84.3,84.3,1%,2e-11,41.04,1005,"=HYPERLINK(""https://www.ncbi.nlm.nih.gov/protein/XP_022438436.1?report=genbank&log$=prottop&blast_rank=87&RID=99YT6Y1T016"",""XP_022438436.1"")"
ceruloplasmin isoform X1 [Macaca mulatta],Macaca mulatta,9544,84.3,84.3,1%,2e-11,50.00,1094,"=HYPERLINK(""https://www.ncbi.nlm.nih.gov/protein/XP_014987266.1?report=genbank&log$=prottop&blast_rank=88&RID=99YT6Y1T016"",""XP_014987266.1"")"
ceruloplasmin isoform X2 [Callorhinus ursinus],Callorhinus ursinus,34884,84.3,84.3,1%,2e-11,51.09,1073,"=HYPERLINK(""https://www.ncbi.nlm.nih.gov/protein/XP_025736533.1?report=genbank&log$=prottop&blast_rank=89&RID=99YT6Y1T016"",""XP_025736533.1"")"
Hypothetical predicted protein [Marmota monax],Marmota monax,9995,75.9,75.9,0%,2e-11,80.00,115,"=HYPERLINK(""https://www.ncbi.nlm.nih.gov/protein/VTJ88230.1?report=genbank&log$=prottop&blast_rank=90&RID=99YT6Y1T016"",""VTJ88230.1"")"
ceruloplasmin [Sus scrofa],Sus scrofa,9823,84.3,84.3,1%,2e-11,47.57,1100,"=HYPERLINK(""https://www.ncbi.nlm.nih.gov/protein/AFK80360.1?report=genbank&log$=prottop&blast_rank=91&RID=99YT6Y1T016"",""AFK80360.1"")"
ceruloplasmin isoform X2 [Eumetopias jubatus],Eumetopias jubatus,34886,84.3,84.3,1%,2e-11,51.09,1065,"=HYPERLINK(""https://www.ncbi.nlm.nih.gov/protein/XP_027958833.1?report=genbank&log$=prottop&blast_rank=92&RID=99YT6Y1T016"",""XP_027958833.1"")"
ceruloplasmin isoform X1 [Eumetopias jubatus],Eumetopias jubatus,34886,84.3,84.3,1%,2e-11,51.09,1094,"=HYPERLINK(""https://www.ncbi.nlm.nih.gov/protein/XP_027958832.1?report=genbank&log$=prottop&blast_rank=93&RID=99YT6Y1T016"",""XP_027958832.1"")"
beta tubulin [Mussismilia hispida],Mussismilia hispida,242724,75.9,75.9,0%,2e-11,85.00,117,"=HYPERLINK(""https://www.ncbi.nlm.nih.gov/protein/ABY28057.1?report=genbank&log$=prottop&blast_rank=94&RID=99YT6Y1T016"",""ABY28057.1"")"
hypothetical protein E2I00_007447 [Balaenoptera physalus],Balaenoptera physalus,9770,83.6,83.6,1%,2e-11,48.91,593,"=HYPERLINK(""https://www.ncbi.nlm.nih.gov/protein/KAB0402368.1?report=genbank&log$=prottop&blast_rank=95&RID=99YT6Y1T016"",""KAB0402368.1"")"
ceruloplasmin isoform X1 [Delphinapterus leucas],Delphinapterus leucas,9749,84.3,84.3,1%,2e-11,40.58,1061,"=HYPERLINK(""https://www.ncbi.nlm.nih.gov/protein/XP_022438434.1?report=genbank&log$=prottop&blast_rank=96&RID=99YT6Y1T016"",""XP_022438434.1"")"
Solution Structure of complement repeat CR17 from LRP-1 [Homo sapiens],Homo sapiens,9606,73.2,73.2,0%,2e-11,96.43,50,"=HYPERLINK(""https://www.ncbi.nlm.nih.gov/protein/2KNX_A?report=genbank&log$=prottop&blast_rank=97&RID=99YT6Y1T016"",""2KNX_A"")"
ceruloplasmin isoform X2 [Pteropus vampyrus],Pteropus vampyrus,132908,84.3,84.3,0%,2e-11,68.42,1066,"=HYPERLINK(""https://www.ncbi.nlm.nih.gov/protein/XP_011384098.1?report=genbank&log$=prottop&blast_rank=98&RID=99YT6Y1T016"",""XP_011384098.1"")"
ceruloplasmin isoform X1 [Pteropus vampyrus],Pteropus vampyrus,132908,84.3,84.3,0%,2e-11,68.42,1094,"=HYPERLINK(""https://www.ncbi.nlm.nih.gov/protein/XP_023382049.1?report=genbank&log$=prottop&blast_rank=99&RID=99YT6Y1T016"",""XP_023382049.1"")"
ceruloplasmin isoform X2 [Pteropus giganteus],Pteropus giganteus,143291,84.3,84.3,0%,2e-11,68.42,1078,"=HYPERLINK(""https://www.ncbi.nlm.nih.gov/protein/XP_039711074.1?report=genbank&log$=prottop&blast_rank=100&RID=99YT6Y1T016"",""XP_039711074.1"")"



		


