"","x"
"1","AAPPPLFLLLLLLLLLVSWASR"
"2","ADLLGSILSSMEKPPSLGDQETR"
"3","ADNLIPGSR"
"4","AEEHTVVLTVTGEPCHFPFQYHR"
"5","AEGTAVYYCAR"
"6","AEWLAVKDER"
"7","AFITNFSMIIDGMTYPGIIKEK"
"8","AFTGEGQKLGSTAPQVLSTSSPAQQAENEAK"
"9","AGFALDEGIANPTDAFTVFYSER"
"10","AGFGNLR"
"11","AGLAHLYGIAGSVNVTGDEVK"
"12","AGQSVIGLQMGTNK"
"13","AGVHIKLPNLGKHEK"
"14","AHQVVEDGYEFFAKR"
"15","AIQEWLK"
"16","AISRWSSLACNIALDAVK"
"17","AIVQLVNERQPQAR"
"18","AKAAAIGIDLGTTYSCVGVFQHGK"
"19","AKDLFIGDVIHNAGPHRDK"
"20","AKDPFAHLPK"
"21","AKEFTNVYIK"
"22","AKGILFVGSGVSGGEEGAR"
"23","ALGFPLERPK"
"24","ALNSIIDVYHKYSLIK"
"25","ALPATPQLPSRSGVDSPR"
"26","ALQHLDPPAPLPLVIWHGMDSCCNPLSMGAIKK"
"27","ALVQQMEQLRQK"
"28","ALVSTLVPLGLVLAVGAVAVGVARAR"
"29","ANALKDEDAFKEEQK"
"30","APKLLIYAASSLQSGVPSR"
"31","APKLLIYAASTLQSGVPSR"
"32","AQILPIR"
"33","ARRAQTAAMALLAGGLSR"
"34","ASLPGVK"
"35","ATVFLEQR"
"36","AVDESVLLLRPDR"
"37","AVLENNLGAAVLR"
"38","AYALAFAER"
"39","AYFHLLNQIAPKGGEDGPAIAIDLSGINETNDLK"
"40","CSGPGLSPGMVR"
"41","DAGQISGLNVLR"
"42","DAIHFYNK"
"43","DDSKNTLYLQMNSLK"
"44","DGAFLIR"
"45","DHLLGVSDSGK"
"46","DIFTGLIGPMKICK"
"47","DISNYGFPSSVQAIDAAVFYRSKTYFFVNDQFWR"
"48","DLAAFDK"
"49","DLEIEVVLFHPNYNINGKKEAGIPEFYDYDVALIK"
"50","DLGEEHFK"
"51","DLLFRDDTVCLAKLHDR"
"52","DLLTLLLECEQLPGNTDDNILPYLNKFSFIEYQAM"
"53","DLTGFPGPLNDQDNEDCINR"
"54","DLYANTVLSGGSTMYPGIADR"
"55","DMTLPPETNVILTK"
"56","DNRLYLGDKELNIISYSLLVSVLEYQTAVMR"
"57","DNSPVVLACLITGYHPTSVTVTWYMGTQSQPQR"
"58","DQIVDLTVGNNKTLLDIDNTR"
"59","DSFGNDYIENLKQNDISTEFTYQTK"
"60","DSGVPDRFSGSGSGTDFTLKISR"
"61","DTNYTLNTDSLDWALYDHLMDFLADR"
"62","DTPFSQIK"
"63","DTWVEHWPEEDECQDEENQK"
"64","DVENTDWR"
"65","DVGVVCSR"
"66","DVNCPFK"
"67","DVPYPPPLSPAIEAIQKER"
"68","EAESCDCLQGFQLTHSLGGGTGSGMGTLLISK"
"69","EAPVPSLHLK"
"70","EDITHTYKYPEGSSEEREAFTR"
"71","EDTEEHHLRDYFEEYGKIDTIEIITDR"
"72","EFLEDTCVQYVQK"
"73","EGALSMAR"
"74","EGDGSCFPDALDR"
"75","EGDLLFTVAKDPIVNVWYSVNGER"
"76","EGMLQHWELGQALR"
"77","EGTAPSENGETKAEEAQKTESVDNEGE"
"78","EHNQLNGWSSDENDWNEK"
"79","EIIDPVLDR"
"80","EKEPEEELYDLSK"
"81","EKIAAKNALESYAFNMK"
"82","EKMTQIMFEAFNTPAMYVAIQAVLSLYASGR"
"83","ELNYFAK"
"84","ELPDLEDLMKR"
"85","ELTYQNTDLSEIKEEEQVK"
"86","ELWILNR"
"87","EMDEEDKAFKQK"
"88","EMFDPAEK"
"89","EMPMQTLVPAK"
"90","EMVHADVELMR"
"91","EMVTFLDK"
"92","ENPLQFK"
"93","ENPLTQAVPK"
"94","EPAVIGRPDFEHAVEASK"
"95","EPGEFALLR"
"96","EPIPSLEAIYLLSPTEK"
"97","EPISVSSEQVLK"
"98","EQCVEMYTDGQWNDR"
"99","EQGQAPITPQQGQALAK"
"100","ERSGVSLAALKK"
"101","ESIESEIRR"
"102","ESILDGLKR"
"103","ESQDKTLSLPELEQQQEQQQEQQQEQVQMLAPLES"
"104","ESYDYLK"
"105","ETADTDTADQVMASFK"
"106","ETLAQLQQEFQR"
"107","EVGVGFATRK"
"108","EVQQGEEFERR"
"109","EYGMIYLGK"
"110","EYQELMNVK"
"111","FAPVVAPKPK"
"112","FDAMPFTLRAFEDEKK"
"113","FDTDVELTYFLNGGILNYMIR"
"114","FEELGVK"
"115","FGDPLGYEDVIPEADR"
"116","FGEEIAR"
"117","FGMTPSK"
"118","FHVLVASQDFVESVLVR"
"119","FIPEDPK"
"120","FKEIQNLIK"
"121","FLHNPDAAQGFVGCALSSTIQRFYKNEGGTWSVEK"
"122","FLPLFDR"
"123","FLPRPVFTK"
"124","FNITDNVMQHLLSPLFQR"
"125","FNTANDDNVTQVRAFYVNVLNEEQR"
"126","FPPDNSAPYGAR"
"127","FRCPEAIFQPSFLGIESSGIHETTFNSIMK"
"128","FSFSGNTLVSSSADPEGHFETPIWIER"
"129","FSGSKSGTSASLAISGLR"
"130","FSGVPDRFSGSGSGTDFTLKISR"
"131","FTVDLPK"
"132","FVLENQEAPEVGLDNK"
"133","FVPPALEKK"
"134","FVPQEMGVHTVSVK"
"135","FVTLLYR"
"136","GALVLIHGEVVHK"
"137","GAPEGTVCGSDGADYPGECQLLR"
"138","GDAAVRDELMAAVR"
"139","GDMFLVANLGTKEPCHSSDPR"
"140","GEFYSENHHNPPPFAPPVMEFPAAHDR"
"141","GELSGDFEK"
"142","GFKDQIYEIFQK"
"143","GGDISVCEWYQR"
"144","GGIMLPEK"
"145","GGPPPPPPPATGR"
"146","GGQIGLQAPGLSVSGPQGHLESGSGK"
"147","GHAAFTSDPKPTIEVSGKK"
"148","GHPAGGEENMTETDAFYKR"
"149","GIAIGIDLGTTYSCVGVFQHGK"
"150","GIGMGNIGPAGMGMEGIGFGINK"
"151","GILTLKYPIEHGIVTNWDDMEKIWHHTFYNELR"
"152","GIPAPEEER"
"153","GLAYLRDAWGILMDMRWR"
"154","GLDLLTSR"
"155","GLDTRGLKAELAER"
"156","GLEISGTFTR"
"157","GLETWSSWGLR"
"158","GLEWIGYIYHSGSTYYNPSLK"
"159","GLGVEIAK"
"160","GLNISAVR"
"161","GLQATQLARSLGYTGAR"
"162","GMDLEETSVLTQALAQSGQQLEWPEAWR"
"163","GMSVYGLGR"
"164","GNAMVEEGHFAAEDVK"
"165","GQPREPQVYTLPPSRDELTK"
"166","GQVLNIQMRR"
"167","GRFTISTDNSKNTLYLQMNSLR"
"168","GTAYTFFTPGNLK"
"169","GVGCLDFSKADSGVHLCIIDDSNEHMLTVWDWQK"
"170","GVLRGVTFLLRR"
"171","HHLGAATPENPEIELLR"
"172","HLHFTLVK"
"173","HPLKPDNQPFPQSVSESCPGKFK"
"174","HSIGYSIR"
"175","HVEDVPAFQALGSLNDLQFFRYNSK"
"176","HYFQNTQGLIFVVDSNDR"
"177","IAASALSDIAK"
"178","IAWHVIR"
"179","IDDPTDSKPEDWDKPEHIPDPDAK"
"180","IEEILDYLRR"
"181","IGLDLPALNMQRSR"
"182","IGVVGGSDFEK"
"183","IIELPFQNK"
"184","IKADIIYPGHGPVIHNAEAK"
"185","IKNLIPEGNIGSNTTLVLVNAIYFK"
"186","ILGLQFK"
"187","ILIWEDGSLEINNITR"
"188","ILNDDTALKEYKIDEK"
"189","INIPPPSVNR"
"190","IPDEIIDMVKEEVVAK"
"191","IPQEIVK"
"192","IQEIQTFR"
"193","IRELTAVVQK"
"194","ISILNYK"
"195","ISLPLGSEERPFLR"
"196","ISMPEVDLNLKGPK"
"197","ISSVSSQFSDGPIPSPSAR"
"198","ITDTLDSIKEK"
"199","ITHQEMIK"
"200","ITSGPFEPDLYK"
"201","IVAGYASRFIVIADFR"
"202","IVEIPFNSTNKYQLSIHKNPNTSEPQHLLVMK"
"203","IVLVDDR"
"204","IVSDGNGMNAWVAWR"
"205","IVVYNQPYINYSR"
"206","IWAREILDSR"
"207","KAFITNFSMIIDGMTYPGIIKEK"
"208","KDINAVSIDMLLIVHSEK"
"209","KDLYANTVLSGGSTMYPGIADR"
"210","KDVGRPQPGRENFQNWLK"
"211","KEAESCDCLQGFQLTHSLGGGTGSGMGTLLISK"
"212","KEPFFHGHDNYDQVIYVIPIEK"
"213","KFLPLFDRVLVER"
"214","KGKIQGQELSAYQAPSPPAHSGFHR"
"215","KIDKYLYAMR"
"216","KIEFGVVYSCVEGK"
"217","KKSPNELVDDLFK"
"218","KLDKTGDGVITIEDLR"
"219","KLQEEGWLEGELNGR"
"220","KLVGYLDR"
"221","KPLPDHVSIVEPK"
"222","KPPPPEVTDLPKKPPPPEVTDLPK"
"223","KQVRPMLLVDDR"
"224","KSLINGQIK"
"225","KSLTWILGLWALAACFTPGESQR"
"226","KSSASNSAQGSDESLIACK"
"227","KSTVLQQQYNR"
"228","KTEVLMENFR"
"229","KVIVIPVGIGPHANLK"
"230","KWVMVPMMSLHHLTIPYFRDEELSCTVVELK"
"231","LADLIERDR"
"232","LADQMVMEFTK"
"233","LAEVWMDSYK"
"234","LAEVWMDSYKK"
"235","LAIEAGFHHIDSAHVYNNEEQVGLAIR"
"236","LAPPRYPK"
"237","LASHLNLAMCHLK"
"238","LDKLTVTSQNLQLENLR"
"239","LDSMDSSSITVDSGFNSPR"
"240","LDVLCTK"
"241","LEAEAVVNDVLFAVNNMFVSK"
"242","LEALDANSRKQEAEWK"
"243","LEDEHLVFFCQMGK"
"244","LFAKYGEPGEVFINK"
"245","LFEGNMHYDTPDIR"
"246","LFHTAPNVPHYAK"
"247","LFLVNNK"
"248","LFWEPMK"
"249","LHMLELHCESKCDSHLK"
"250","LHPVILASIVDSYER"
"251","LIEEVMIGEDK"
"252","LILIACGTSYHAGVATR"
"253","LKAEEGETETEVR"
"254","LKATVTPSPVKGK"
"255","LKDVLLQVDDERR"
"256","LKSELEDNIRR"
"257","LLDPIREK"
"258","LLIKYASQSISGVPSR"
"259","LLIPGNYK"
"260","LLLQSVVDANMNTLR"
"261","LLLYAASRLESGVPSR"
"262","LLLYGLHHGKR"
"263","LLQEALEAEER"
"264","LLTVPFEKHSTL"
"265","LLVPGTYK"
"266","LMDQNLK"
"267","LMIYEVSKRPSGVPDR"
"268","LMKEILDK"
"269","LMLAVVK"
"270","LNITVVQAK"
"271","LNLSAWR"
"272","LPAIPRSATNGKSETITADVNHNLK"
"273","LPDAYER"
"274","LPGGLEPK"
"275","LPPGEYVVVPSTFEPNKEGDFVLR"
"276","LPPWASPQTMQR"
"277","LPVAPLR"
"278","LPVAPLRK"
"279","LPVQLQR"
"280","LQILSLR"
"281","LRLEPLK"
"282","LSCAASGFTFSDHYMDWVR"
"283","LSCAASGFTFSNSDMNWARK"
"284","LSDVDRDGMLDDEEFALASHLIEAK"
"285","LSGEAYGFVAR"
"286","LSLDELHR"
"287","LSSVTAVDTAVYYCAR"
"288","LSSYFHFR"
"289","LSVIGSIR"
"290","LTPAQYDR"
"291","LTWPTDAGPDDAAVDTSSEITTK"
"292","LVAVGGQPR"
"293","LVDYDSAR"
"294","LVGIVTSR"
"295","LVMEEAPESYKNVTDVVNTCHDAGISK"
"296","LVNGQSHISLSKAEFQDALEK"
"297","LVPQQLAH"
"298","LYEPVVIPVGK"
"299","MAGWNAYIDNLMADGTCQDAAIVGYK"
"300","MCDAFVGTWKLVSSENFDDYMK"
"301","MDGASNVTCINSR"
"302","MIDAATLK"
"303","MIEELMK"
"304","MKETAEAYLGQPVKHAVITVPAYFNDSQR"
"305","MKLLTGLVFCSLVLGVSSR"
"306","MKQSNNEANLREEVLK"
"307","MPSLPSYKVGDK"
"308","MSMKEVDEQMLNVQNKNSSYFVEWIPNNVK"
"309","MTAEEMASDELK"
"310","MTNYDVEHTIKK"
"311","MTVGKSSKMLQHIDYR"
"312","MVVDAVMMLDDLLQLK"
"313","MVVSMTLGLHPWIANIDDTQYLAAK"
"314","MYKAECLEK"
"315","NDAKNAVEEYVYEFR"
"316","NGLYADNDNDSTFTGFLLYHDTN"
"317","NGNHVANSPVSIMVVQSEIGDAR"
"318","NHEEEMLALR"
"319","NIGENEGGIDKFSR"
"320","NILTEIYR"
"321","NIMTQNVER"
"322","NIQVDEANLLTWQGLIVPDNPPYDKGAFR"
"323","NKLDFLRPYTVPNK"
"324","NKTEDLEATSEHFK"
"325","NLGMTDAFELGKADFSGMSQTDLSLSK"
"326","NLNAPVQPFEDPEHMK"
"327","NLQSEVEGVK"
"328","NPDEEDNTFYQR"
"329","NPDSLELIR"
"330","NPLQKDPQYR"
"331","NSEPEEVIPSR"
"332","NSETFPTILEEAK"
"333","NSLYLQMNSLRAEDTAVYYCAR"
"334","NSNLVGAAHEELQQSR"
"335","NTGREEFLTAFLQNYQLAYSKAYPR"
"336","NVKLPDAYERLILDVFCGSQMHFVR"
"337","NVMEEGKDFQPSR"
"338","NVTDVVNTCHDAGISK"
"339","QAELEEIYESSIR"
"340","QALVNCNWSSFNDETCLMMINMFDK"
"341","QAPGQELGWMGR"
"342","QAVALPYK"
"343","QCTHAGGLPQDWR"
"344","QDEEKPLHALLHGR"
"345","QDGSEKYYVDSVK"
"346","QDLGPVPM"
"347","QDLMNIAGTTLSSK"
"348","QEAGISEGQGTAGEEEEKKK"
"349","QEPMLFALAICSQCSDISTKQAAFKAVSEVCR"
"350","QFHFKDFNR"
"351","QFLEVWEK"
"352","QFYINVEREEWK"
"353","QGHNSVFLIKGDKVWVYPPEK"
"354","QGHPENRDMPASEDLQDLQK"
"355","QIANSQDGYVWQVTDMNR"
"356","QIDLSTVDLKK"
"357","QIGSVYR"
"358","QILSADLR"
"359","QKLEAQLTENNIVKEELALLDGSNVVFK"
"360","QLCDNAGFDATNILNK"
"361","QMTEAIGPSTIR"
"362","QNCELFEQLGEYKFQNALLVRYTK"
"363","QQFDLENK"
"364","QTLIQHFQAMVK"
"365","QTNVALFADGK"
"366","QTSDGNWLMVHR"
"367","QVNDSSWHFLMVSRDR"
"368","QYDYDSSTIR"
"369","REDFDVEAADSAGNCLDSLVFVAGDR"
"370","RGFAFVTFDDHDTVDK"
"371","RGPGGAWAAEVISNARENIQR"
"372","RINMAHLCVIGSHAVNGVAR"
"373","RKLEFALLFLVFDENESWYLDDNIK"
"374","RLIELYK"
"375","RLIYKVSNR"
"376","RNEIWLLKT"
"377","RQLETLGQEK"
"378","RQVPVEEAR"
"379","RSVTPPEEQQEAEEPK"
"380","RTGQPMIHIYLDK"
"381","RTPDYFL"
"382","RVLTDELK"
"383","RVQTPLLR"
"384","RWITGKTKPSSQSQTSR"
"385","SAASLNSRVASISLPTSCASAGTQCLISGWGNTK"
"386","SAYQEAMDISKK"
"387","SDIVQLR"
"388","SEDTATYYCAR"
"389","SENVQDLLLLDVTPLSLGIETAGGVMTVLIK"
"390","SEPLIGR"
"391","SFGFPDPQSR"
"392","SFLAMVVDIVQELK"
"393","SFLEDIR"
"394","SFTASCPVSAFVPK"
"395","SGWALPPAPHSYINEWLQIDLGEEK"
"396","SHLMYAVREEVEVLK"
"397","SIGERPVLK"
"398","SIIGMGTGAGAYILTR"
"399","SINPDEAVAYGAAVQAAILMGDK"
"400","SIPESLK"
"401","SIQLPTTVR"
"402","SIYGERFPDENFKLK"
"403","SLEPGRKSFCTDPASMASFDCEVVPK"
"404","SLNEEAVKKDNSVHWERPQKPK"
"405","SLNFNMSVSSMEYIPEGEILVITYGR"
"406","SLNLSTEFISSTK"
"407","SLVLDTK"
"408","SMTNRTREVLLPK"
"409","SPLGEVAIR"
"410","SQLLGSAHEVQRFHRDADETK"
"411","SQSGAVSCCPGATNGSLGRSDGVAK"
"412","SRVTISVDR"
"413","SSAWQLAK"
"414","SSPVEFECINEK"
"415","STNLLAAETASLEEQLQGWGEVMLMADK"
"416","SVIDPVPAPVGDSHVDGAAK"
"417","SVNVKPLVTHR"
"418","SYRPGAVVPSDKNCQSCLCTER"
"419","TAQNHPMLVELK"
"420","TFKPIDLSDLK"
"421","TGCSLMGASVDSTLAFNTYVHFQGK"
"422","TGIIVTTSEAVLLQLVADKDHPK"
"423","TGISHGHTVYVVHDGFEGLAK"
"424","THPDQFNLWYTLDRPPIGWK"
"425","TIDFDSLSVGRGSGQVVAQQR"
"426","TIEGSGRTEHINIHQLR"
"427","TILSDDWK"
"428","TITTMIDGPQDLR"
"429","TKVFQLK"
"430","TLLARMCREDPNYYSYLEMDLQCR"
"431","TLSSSTQASIEIDSLYEGVDFYTSITR"
"432","TNVNGGAIALGHPLGGSGSR"
"433","TPGAVNACHLSCSALLQDNIADAVACAKR"
"434","TPVPSDIDISR"
"435","TPVSDRVTKCCTESLVNR"
"436","TREEECHFYAGGQVYPGEASR"
"437","TRPLQFR"
"438","TRPQVVSLPNMR"
"439","TSLMAFLRQMSVK"
"440","TSPYPGSKVER"
"441","TSQEEAEK"
"442","TSQNSELNNMQDLVEDYKK"
"443","TTGIVMDSGDGVTHIVPIYEGYALPHAILR"
"444","TTGTPPDSSLVTYELHSRPEQDKFSQAAK"
"445","TTPDVIFVFGFRTHFGGGKTTGFGMIYDSLDYAK"
"446","TTQQSPEDCDFK"
"447","TVDSCFQDLKESR"
"448","TVEPFPEGTQMAVFGMGCFWGAERK"
"449","TVGATALPR"
"450","TVGQLYKEQLAKLMATLR"
"451","TVHAGEVGSAEVVK"
"452","TVIEVDER"
"453","TVQDYLEK"
"454","TVTQFHFLSWYDRGVPSSSR"
"455","TVVLLADK"
"456","TVYSILR"
"457","TYSYLNK"
"458","VANDNAPEHALRPGFLSTFALATDQGSK"
"459","VCMYFTYK"
"460","VDGILSEDK"
"461","VELQMSK"
"462","VEVGKDQEFTVDTR"
"463","VEYQEDRNDLVISETELK"
"464","VFDMLNRR"
"465","VGMIPVPYVEKLVRSSPHGK"
"466","VGVYNNEGEGSLSTVTIVYSGEDEPQLAPR"
"467","VGYVSGWGRNANFK"
"468","VHIYHHTGNNTFR"
"469","VIALKAGKTLQIFNIEMK"
"470","VIVMTTR"
"471","VLEEANQAINPKLMQLVDHRGGGGGGGK"
"472","VLELDNVK"
"473","VLFDKVASQGEVVR"
"474","VLGAFSDGLAHLDNLKGTFATLSELHCDK"
"475","VLMEKELPGFLQSGK"
"476","VLPAQATEYAFAFIQVPQDDDARTDAVDSVVR"
"477","VLSPLAK"
"478","VLSVETPLSIQAHPNKELAEK"
"479","VMENGLLFK"
"480","VMPSSFFLLLR"
"481","VMPYVDILFGNETEAATFAREQGFETK"
"482","VMVDPVQNLGDSFYCSIEK"
"483","VNTLIRPDGEKK"
"484","VNVEAPDVNLEGLGGK"
"485","VPPPRDFHINLFR"
"486","VPPRMDAKMYLGYEYVTAIR"
"487","VQLFKDDPM"
"488","VQQVQPAMQAVIR"
"489","VREAFQPQEPDFPPPPPDLEQLR"
"490","VRELESEVNKLSSELK"
"491","VSSFYAKGTYGLSCQRDPNTGR"
"492","VTENYLCKPEDNIYSIDFTR"
"493","VTGEADVEFATHEDAVAAMAK"
"494","VTHPHLPRALMR"
"495","VTISCSGSSSNIGNNYVSWYQQLPGTAPK"
"496","VTISVDR"
"497","VTITADESTSTAYMELSSLRSEDTAVYYCAR"
"498","VTITCRASQGISNYLAWYQQKPGK"
"499","VTLELGGK"
"500","VVAEMNRLGMMVDLSHVSDAVAR"
"501","VVDYSQFQESDDADEDYGR"
"502","VVPEGIR"
"503","VWVYPPEKKEK"
"504","VYELILK"
"505","VYNWDVK"
"506","VYYFNHITNASQWERPSGNSSSGGKNGQGEPAR"
"507","WALWFFK"
"508","WCATTANYDRDK"
"509","WQDNIKEEDIVYYDAK"
"510","WTAPEALR"
"511","WVDLTMDDIRR"
"512","WWTCFVK"
"513","YFHHNSDFHIPK"
"514","YFPAFEKVLK"
"515","YFVEAGAMAVR"
"516","YGRLPFSIR"
"517","YHTEIVFAR"
"518","YIVPMLTVDGKR"
"519","YKGLNLTEDTYKPR"
"520","YLMDEGAHLHIYDPK"
"521","YPIEHGIVTNWDDMEKIWHHTFYNELR"
"522","YSALIEVPDGFTAVMSASTWEK"
"523","YSAPATLSSRA"
"524","YTEFYHVPTHSDASKK"
