"","x"
"1","AAGIPDRFSGSGSGTDFTLSITR"
"2","AALQALR"
"3","ADHQPLTEASYVNIPTIALCNTDSPLR"
"4","AFHLLLLR"
"5","AFLASPEHVNRPINGNGK"
"6","AFQGMVTDSLSSK"
"7","AFQPLVK"
"8","AGQSINSWLAWYQQKPGKAPK"
"9","AGSHSMRYFYTSVSRPGR"
"10","AIDLINK"
"11","ALVDTLK"
"12","AMDRYTFELSR"
"13","AMKDEEKMEIQEMQLK"
"14","ANMSPSDLIQVASSAK"
"15","ANSLPPGNLR"
"16","APEVSRRVDEELLPK"
"17","APKLLIYVTSNLQSGVPSR"
"18","AREIDESLIFYKK"
"19","ASGIPDRFSGSK"
"20","ASGYSFSNYGLSWVR"
"21","ASITALEAK"
"22","ASQSVSSYLAWYQQKPGQAPRLLIYDASNR"
"23","ASQSVSSYLAWYRQKPGQAPR"
"24","ASQYVSSNVAWYQQKPGQAPR"
"25","AVLDETTLEK"
"26","AVTELGRPDEEYWNSQKDLLEEK"
"27","AVTEVGRPEAEYWNSQK"
"28","AVVVHAGEDDLGRGGNQASVENGNAGRR"
"29","AWMTWVR"
"30","AYHEQLSVAEITNACFEPANQMVKCDPQHGK"
"31","CPAVKRAFQGMVTDSLSSK"
"32","DAALATALGDKKSLEGDLEDL"
"33","DADSLLLSLELASGSGQGLSPDRR"
"34","DFHVTQSPSTLSASVGDR"
"35","DGDGDAIVAEALER"
"36","DGVWKPTLVILR"
"37","DHGETAFAVYDKFSVGDAK"
"38","DIKMTQSPSSVSASVGDR"
"39","DINLDVNR"
"40","DISSALR"
"41","DISTLEPLK"
"42","DLLFRDDTECLAK"
"43","DLQEAALLDMVNDGVEDLR"
"44","DLQLDATLSYNK"
"45","DLVSIHTDGNEQLSVMR"
"46","DMYSFLQDMGLK"
"47","DPAGHFHQVWYDNPQSISLK"
"48","EAIEGTYIDKK"
"49","EAIEVYK"
"50","EALKDDSWLK"
"51","EEAEAEVASLNR"
"52","EEMCSIVGGR"
"53","EGIILFK"
"54","EGLEILK"
"55","EGLKHISEGCVFIYCQVGEKP"
"56","EGSVTSVNLTK"
"57","EIAQDFK"
"58","EILGIIVSYK"
"59","EILPLFPNK"
"60","ELAQQVQQVADDYGK"
"61","ELDPTNMTYITNEAAVYFEKGDYNK"
"62","ELENALK"
"63","ELLSGPNR"
"64","ELNLDVSIQLPSR"
"65","ELTALAPSTMK"
"66","ELTALAPSTMKIK"
"67","ELTLEDLK"
"68","ENFVLTTAK"
"69","EPCVDNLVSQYFQTVTDYGK"
"70","EQAEAEVASLNR"
"71","EQAEAEVASLNRR"
"72","EQICKSFVYGGCLGNKNNYLR"
"73","EQLKTVMEDFAAFVEK"
"74","EQPPSLTRNGPLSCGQR"
"75","ERMNELVQK"
"76","ESLIDGIK"
"77","ETEYKDKIPLLQQPK"
"78","EVDEEMLNVQNK"
"79","EVGIPPEQSLETAK"
"80","EVGTPHGIILDSVDAAFVCPGSSRLHIMAGRR"
"81","EVQLVQSGAEVGKPGESLR"
"82","EVSTYIK"
"83","EYFAIDNSGR"
"84","FADSGHTAIIQKDYEGESIVNR"
"85","FFDEIPR"
"86","FFLDRDGFLFR"
"87","FIEIAAR"
"88","FIQSAAPK"
"89","FLAAGTHLGGTNMDFQMEHYTYKR"
"90","FLAWYQQRPGQAPR"
"91","FLLDTIK"
"92","FLTWLLNR"
"93","FLVFVANFDENDPKTFEGVDPQTTSMR"
"94","FNHLGHIFTFTPQNNEFQLQLSPK"
"95","FPEELTQTFMSCNLITGMFQR"
"96","FQSSAVAALQEAAEAYLVGLFEDTNLCAIHAK"
"97","FSAGTIFGDK"
"98","FSGSRSGGTATLTISR"
"99","FSLNGGYLGILEWILGKK"
"100","FSPPPAMEK"
"101","FTCTVTHTDLPSPLKQTISRPK"
"102","FVSWYQQHPGK"
"103","GALVDLTDPDVADLFDAR"
"104","GASYILK"
"105","GEAASSFFR"
"106","GEPMPSELKL"
"107","GEQIQLK"
"108","GGARAEPVDASGTEKAFEPATGR"
"109","GIETSLAECTFTK"
"110","GIETSLAECTFTKR"
"111","GILIDTSR"
"112","GITNLCVIGGDGSLTGANLFR"
"113","GKVAVTVSGHTCQR"
"114","GLECIGSISYSGSTYYNPSLK"
"115","GLEWIATIR"
"116","GLEWIGR"
"117","GLEWLAFIR"
"118","GLEWLAR"
"119","GLEWLAVIR"
"120","GLEWMGGFDPEDGEIIYAQK"
"121","GLEWVAVIAYDGSTQYYADSVR"
"122","GLEWVGHIR"
"123","GLEWVSGISWNSGSIGYADSVK"
"124","GLEWVSR"
"125","GLTLHLK"
"126","GNGTSMISIIIPPKDQISR"
"127","GPLSEDKK"
"128","GQAPRLLIYGTSTR"
"129","GQVTMTQDSVK"
"130","GRFFLDRDGFLFR"
"131","GRVTGWGNLK"
"132","GSSIFGLAPGK"
"133","GSWFLTGVLGSQPVGGQAHMVLVTK"
"134","GTESTLWSCTK"
"135","GTWEKPGSEAPMGYDFWYQPR"
"136","GVDLDQLLDMSYEELMQLYSAR"
"137","GVMVGMGQK"
"138","GVSIGIDLGTTYSCVGVFQHGK"
"139","GYEATLEDCCAK"
"140","GYVPKGVLLMK"
"141","HALATALWGK"
"142","HFISDGVK"
"143","HGSMDETECNTR"
"144","HLEGMSEQAIMDLNLPTGIPIVYELDK"
"145","HLLLLGV"
"146","HNPTGTVLFMGQVMEP"
"147","HQPQEFPTYVEPSNDEICEAFRK"
"148","HSSALGGASLGAR"
"149","IAYFLVEVLK"
"150","IDTVNLFPATLFDAFMVAQNPGEWMLSCQNLNHLK"
"151","IFTPLLHQLELEKPKPIPYIYGSR"
"152","IGEDYIR"
"153","IGEWVGR"
"154","IGSLANEGFYDGVIFHR"
"155","IHDSDQAK"
"156","IIEEAVR"
"157","IIGYTPDLDPETVDDAFAR"
"158","IILTARPFR"
"159","IILYTSDLR"
"160","IIYKENERFQYK"
"161","IKQHLENDPGSNEDTDIPK"
"162","ILDDLSPR"
"163","ILIYASAR"
"164","ILLEELR"
"165","ILPEVAR"
"166","ILRVQVNHEKNQNVHMESEVYDTPENIVHGSGSQL"
"167","ILSGVVTK"
"168","INILANK"
"169","INRQIVTDLTK"
"170","IPLQDVYK"
"171","IQLELGK"
"172","IQLLSLR"
"173","IQVQTEQ"
"174","IREEYPDRIMTTFSVVPSPK"
"175","ISADDLR"
"176","ISEADLR"
"177","ISLMQVIQR"
"178","ITANLFR"
"179","ITELEEELVHVQK"
"180","ITELLPK"
"181","ITGYLIK"
"182","ITQSNAIIR"
"183","IVEGILK"
"184","IVFGLFGK"
"185","IVLDSVK"
"186","IVQLLPWEQNEQVK"
"187","IYFIDGNK"
"188","KASLEDLLSDVYAVVEER"
"189","KAYGQSVMDYLTELR"
"190","KDSLSVNEFK"
"191","KEQVFSTYSDDQPGVLIQVYEGER"
"192","KFIEELTR"
"193","KGEELQAGDYVK"
"194","KLFEELVR"
"195","KLVESLSAKGYK"
"196","KLVIIESDLERAEER"
"197","KMIEEIMK"
"198","KMLEEIVK"
"199","KNHEEEISTLR"
"200","KNPDQVELWGLK"
"201","KNYLAWYQQKPGQPPK"
"202","KPPQPQVGGLPK"
"203","KPVTDAENCHLARGPNHAVVSR"
"204","KQAGPASVPLRTEEEFK"
"205","KQMADTGKLNTLLQR"
"206","KSPLSWIEEK"
"207","KVFLDCCTYITELR"
"208","KVKGDVDVSVPK"
"209","KYDVDTVDMVFLDHWK"
"210","LAARDLEPHKIATYLYELAR"
"211","LADKFIHAGVR"
"212","LADLLER"
"213","LAQPLLR"
"214","LARPVVPGPR"
"215","LAVYIDR"
"216","LDPAGPTLVEVSR"
"217","LEDAISSDTSGHFR"
"218","LEDGLFEGLGSLWDLNLGWNSLAVLPDAAFR"
"219","LEQLEIEK"
"220","LFEELVR"
"221","LFVWKGK"
"222","LGEPLVLK"
"223","LGKPAPDFK"
"224","LGLDNYRGYSLGNWVCAAK"
"225","LGSAADFLLDISETDLSSLTASIK"
"226","LGVIEDHSNR"
"227","LHCSLIDLLLPAPR"
"228","LIESLLER"
"229","LIFEDDR"
"230","LIIYCLTK"
"231","LITEFNK"
"232","LKDISTLEPLK"
"233","LKDISTLEPLKK"
"234","LLDVNPK"
"235","LLIYDGSTR"
"236","LLIYGAFSR"
"237","LLIYGAISR"
"238","LLIYGAYTR"
"239","LLIYGNNSRPSGVPDR"
"240","LLIYGNNSRPSGVPDRFSGSK"
"241","LLIYLASNR"
"242","LLIYSDNQRPSGVPDRFSGSK"
"243","LLIYTNTQRPSGVPDR"
"244","LLLNPEDGGK"
"245","LLYDGDAHILISIPSPFR"
"246","LMIYDVNK"
"247","LMIYDVNKRPSGVPDRFSGSK"
"248","LMTEALGPSTIR"
"249","LMVELSK"
"250","LNLVNILEK"
"251","LNTILDTMSTIYSTGK"
"252","LPDATPTELASLVDK"
"253","LPDGYEFK"
"254","LPIDVLK"
"255","LQGPQTSAEVYR"
"256","LSAIYGGTYMLNK"
"257","LSCAASGFTFSSYGIHWVR"
"258","LSCAVSGFTFR"
"259","LSCAYSGFSSPRVEWKFDQGDTTR"
"260","LSEIMEK"
"261","LSGALIK"
"262","LSGALVELVK"
"263","LSGWVFGGGTKLTVL"
"264","LSLDDMVTLSGAHSIGRSHCPSFAGR"
"265","LSLEEFIR"
"266","LTNSMMMHGR"
"267","LTSVTAADTAVYYCVR"
"268","LTTPTYGDLNHLVSDTMSGVTTCLCFPGQLNADLR"
"269","LVDPLYSIKEK"
"270","LVESAENDYQTAISENYQTMSDTTFK"
"271","LVFVHSAEGNEFWSALLEK"
"272","LWEIIYR"
"273","MAADDVEEFMIDRPEQEFQDLNEK"
"274","MDLDLLK"
"275","MEIQEIQLK"
"276","MFETFNTPAMYVAIQAVLSLYASGR"
"277","MIITYTFESLR"
"278","MLEQIDMR"
"279","MMIGRPVLCMLESMIK"
"280","MPLRVVMQGPGPWGFR"
"281","MSWTAADLPSFAGR"
"282","MTANPQRPDFAHALDFTGK"
"283","MTVCSPDGPGGR"
"284","MVGMSWTAADLPSFAGR"
"285","MYKASSLESGVPSR"
"286","MYTTVATLR"
"287","NATNVEQAFMTMAAEIK"
"288","NDLYVSDAFHK"
"289","NELHLDNLK"
"290","NFLLEKNELHLDNLK"
"291","NHVADLR"
"292","NISVADSANYSCVYVDLKPPFGGSAPSER"
"293","NIVVIPK"
"294","NLMFIVLR"
"295","NNWPRLTFGGGTK"
"296","NPWSMDENLMHISYEAGILENP"
"297","NQGLSLPDSGVCVK"
"298","NRPSGVPDRFSGSK"
"299","NSSLFTDLVAETDVLHCVAFSVPK"
"300","NTMYLQMDTVK"
"301","NTMYLQMNSLR"
"302","NVIVIPK"
"303","PLISSTCDMVSAAYASTKESYPHIK"
"304","QATAAATSLEGPASSAK"
"305","QDLAQLMNSSGSHK"
"306","QDSLSSQNQVGILSQSWNIPELVNMGQWK"
"307","QELNPLK"
"308","QGPFKMCLNYEVR"
"309","QIELYLPK"
"310","QIQVSWLREGK"
"311","QITINDLPVGR"
"312","QLGCGWATSAPGSAR"
"313","QLNSESLSQWTNPSTMANAK"
"314","QLTQPETHFGREPAAAISRPR"
"315","QPDPDENKPMEDK"
"316","QPGLTFIAAK"
"317","QPPAWSIR"
"318","QVLFSADDR"
"319","QVQLVESGGGVVQPGESLR"
"320","QVSLRLDSDCLRAFHLLLLR"
"321","QVVAESIVNR"
"322","RAPDLQDLPWQVK"
"323","RHPDYSMFLLLR"
"324","RIHLELR"
"325","RNYSSVDISVPDPEYK"
"326","RSHEGQGDSISSK"
"327","RTPLQFR"
"328","SDPIQEIR"
"329","SEPLLGR"
"330","SGGTATLTISR"
"331","SGPGRAVGGKPDGAASPR"
"332","SGYTFTDYYIHWVR"
"333","SHLELLR"
"334","SIKTAYLQWSSLK"
"335","SINVDYVVIGHSER"
"336","SISTAYLQLSSLK"
"337","SIVDGCAAYSEESTIPR"
"338","SIVSALK"
"339","SKLAWYQQKPGQAPR"
"340","SKPQPAVPPRPSADLILNR"
"341","SLADIAR"
"342","SLDGGYVYTAGKCGLVPVLAENYK"
"343","SLGLYGKDLQEAALLDMVNDGVEDLR"
"344","SLPLSELAPSSK"
"345","SQLETSLK"
"346","SRDQGTYEDYVEGLR"
"347","SSLIILK"
"348","SSLQSGVPSR"
"349","SSPLLAR"
"350","SSVAAMHWMDGSVVTR"
"351","SVLQALR"
"352","SVVLILR"
"353","SVYLQMNSLR"
"354","SWPSAPDDSK"
"355","SYIILALAVMR"
"356","TAGWNIPMGLLYSR"
"357","TALATLWGKNVADEVGGEALGR"
"358","TCGPSSFSCPGTHVCVPERWLCDGDK"
"359","TEDSLEFR"
"360","TEDTAVYYCSTDRR"
"361","TFGQGTKVEVK"
"362","TGFMIFWVLLIR"
"363","THINIVIVGHVDSGK"
"364","TIELASR"
"365","TIIVALK"
"366","TILLNTK"
"367","TINNWVANK"
"368","TKTETITGFQVDAIPANGQTPVQR"
"369","TLIDDLR"
"370","TLIYSTDTR"
"371","TLPASIYADEGLNALVIR"
"372","TLSSELSQARDENK"
"373","TPEYNLICSK"
"374","TRHTASAWLMSAPNSGPHNR"
"375","TSQDPLMIK"
"376","TSVETAIR"
"377","TVITNEYMKEDFLIKIETWHKP"
"378","TVSPLFKFSGKEEHEQNDSISSK"
"379","VAIIIPFR"
"380","VAVFLETQEPFK"
"381","VDVLPVNLPGEHGQR"
"382","VEDTALYYCAK"
"383","VESVIPYFNR"
"384","VEVYYSNRWGTVCDDQWDLDDANVVCR"
"385","VFDEFQPLVEEPQNLVK"
"386","VFERCELAR"
"387","VFVTDLTK"
"388","VGDDHLLLLQGEQIR"
"389","VGDDHLLLLQGEQIRR"
"390","VGNIEIK"
"391","VGQLFAAWK"
"392","VGTKCCTKPESER"
"393","VHLSAEEKEAVLGLWGKVNVDEVGGEALGR"
"394","VHVIFNYK"
"395","VKPLLQVSR"
"396","VLFLQMNSLR"
"397","VLTEILWK"
"398","VNDHAAAFGR"
"399","VNEEVALDR"
"400","VNIIPLIAK"
"401","VPKVLIYAASSLQSGVPSR"
"402","VPSYYTFQILAR"
"403","VRPQQLVK"
"404","VSEQDSSNADWVTK"
"405","VTCPEQDKYR"
"406","VTDAVVTVPAYFNDSQR"
"407","VTEAEIVPMGK"
"408","VTMTTDTSTSTAYLEMR"
"409","VVIAYEPIWAIGTGK"
"410","VVKLENGEIETIAR"
"411","VVVGVIK"
"412","WGTVCDDQWDLDDANVVCR"
"413","WQEEFEMLR"
"414","WYVNLHSLMDR"
"415","YDDMAASMK"
"416","YGQITILDYDPLMASYK"
"417","YIVPMITVDGK"
"418","YLDESSGGWRDGR"
"419","YLIELAK"
"420","YLYEKLAR"
"421","YMSCCMLFR"
"422","YPIEHGIVNDWDDMEK"
"423","YPIEHGIVNDWDDMEKIWHHTFYNELR"
"424","YSPSFQGR"
"425","YTFESIR"
"426","YTGVQLTSENAGPSFQR"
"427","YTPNAQYCQMRCTFHPR"
"428","YVDGGFGMGK"
"429","YVMLPVADQYDCITHYEGSTCPK"
"430","YYHVRGYLLAQAYLPAQDIK"
