names,# of
Balaenoptera physalus,1
Callorhinus ursinus,6
Cervus elaphus hippelaphus,2
Chelonia mydas,1
Crocuta crocuta,1
Cylicostephanus goldi,1
Delphinapterus leucas,2
Enhydra lutris kenyoni,1
Eumetopias jubatus,4
Gulo gulo,1
Halichoerus grypus,3
Homo sapiens,2
Hyaena hyaena,4
Hylobates moloch,1
Leptonychotes weddellii,1
Lontra canadensis,3
Macaca fascicularis,2
Macaca mulatta,6
Marmota monax,1
Mirounga leonina,6
Montastraea cavernosa,1
Mussismilia hispida,1
Mustela erminea,3
Mustela putorius furo,3
Neomonachus schauinslandi,2
Pan troglodytes,1
Panthera pardus,4
Panthera tigris altaica,1
Phoca vitulina,3
Planoprotostelium fungivorum,1
Pongo abelii,1
Porites lutea,1
Pteropus alecto,2
Pteropus giganteus,1
Pteropus vampyrus,2
Rotaria socialis,1
Rousettus aegyptiacus,8
Sarcophaga dux,1
Sarcophaga peregrina,1
Suricata suricatta,3
Sus scrofa,3
Wuchereria bancrofti,1
Zalophus californianus,5
Zygosaccharomyces bailii ISA1307,1
